-- phpMyAdmin SQL Dump
-- version 5.2.1
-- https://www.phpmyadmin.net/
--
-- Host: elbaraacrm.mysql.db
-- Generation Time: May 03, 2024 at 02:52 PM
-- Server version: 5.7.42-log
-- PHP Version: 8.1.23

SET SQL_MODE = "NO_AUTO_VALUE_ON_ZERO";
START TRANSACTION;
SET time_zone = "+00:00";


/*!40101 SET @OLD_CHARACTER_SET_CLIENT=@@CHARACTER_SET_CLIENT */;
/*!40101 SET @OLD_CHARACTER_SET_RESULTS=@@CHARACTER_SET_RESULTS */;
/*!40101 SET @OLD_COLLATION_CONNECTION=@@COLLATION_CONNECTION */;
/*!40101 SET NAMES utf8mb4 */;

--
-- Database: `elbaraacrm`
--

-- --------------------------------------------------------

--
-- Table structure for table `crm_abonnements`
--

CREATE TABLE `crm_abonnements` (
  `id` bigint(20) UNSIGNED NOT NULL,
  `amount` double(8,3) DEFAULT NULL,
  `date` date NOT NULL,
  `annee` int(11) NOT NULL,
  `appart_id` bigint(20) UNSIGNED NOT NULL,
  `created_at` timestamp NULL DEFAULT NULL,
  `updated_at` timestamp NULL DEFAULT NULL
) ENGINE=InnoDB DEFAULT CHARSET=utf8mb4 COLLATE=utf8mb4_unicode_ci;

--
-- Dumping data for table `crm_abonnements`
--

INSERT INTO `crm_abonnements` (`id`, `amount`, `date`, `annee`, `appart_id`, `created_at`, `updated_at`) VALUES
(2, 1200.000, '2024-04-21', 2024, 63, '2024-04-21 19:43:03', '2024-04-21 19:43:03'),
(3, 1200.000, '2024-04-05', 2022, 72, '2024-04-22 00:10:10', '2024-04-22 00:10:10'),
(4, 1200.000, '2024-04-11', 2023, 72, '2024-04-22 00:10:46', '2024-04-22 00:10:46'),
(5, 1200.000, '2024-04-23', 2024, 76, '2024-04-23 11:33:34', '2024-04-23 11:33:34'),
(6, 1200.000, '2024-04-25', 2023, 77, '2024-04-23 19:34:20', '2024-04-23 19:34:20');

-- --------------------------------------------------------

--
-- Table structure for table `crm_apparts`
--

CREATE TABLE `crm_apparts` (
  `id` bigint(20) UNSIGNED NOT NULL,
  `name` varchar(255) CHARACTER SET utf8mb4 COLLATE utf8mb4_unicode_ci NOT NULL,
  `etage_id` bigint(20) UNSIGNED NOT NULL,
  `client_id` bigint(20) UNSIGNED DEFAULT NULL,
  `type` int(11) DEFAULT NULL,
  `surface` double(8,2) DEFAULT NULL,
  `price` double(8,2) DEFAULT NULL,
  `x` varchar(255) CHARACTER SET utf8mb4 COLLATE utf8mb4_unicode_ci DEFAULT NULL,
  `y` varchar(255) CHARACTER SET utf8mb4 COLLATE utf8mb4_unicode_ci DEFAULT NULL,
  `bs` int(11) DEFAULT NULL,
  `comments` text CHARACTER SET utf8mb4 COLLATE utf8mb4_unicode_ci,
  `created_at` timestamp NULL DEFAULT NULL,
  `updated_at` timestamp NULL DEFAULT NULL
) ENGINE=InnoDB DEFAULT CHARSET=latin1;

--
-- Dumping data for table `crm_apparts`
--

INSERT INTO `crm_apparts` (`id`, `name`, `etage_id`, `client_id`, `type`, `surface`, `price`, `x`, `y`, `bs`, `comments`, `created_at`, `updated_at`) VALUES
(1, 'D2-01', 1, NULL, 4, 180.00, 170000.00, '100.35914893617021', '171.4436', 0, '', NULL, NULL),
(2, 'D2-02', 1, NULL, 3, NULL, NULL, '94.8272340425532', '155.6', 0, '', NULL, NULL),
(3, 'D2-03', 1, NULL, 5, NULL, NULL, '102.91234042553192', '117.84360000000001', 0, '', NULL, NULL),
(4, 'C2-01', 1, NULL, 5, NULL, NULL, '103.33787234042553', '78.2436', 0, '', NULL, NULL),
(5, 'C2-02', 1, NULL, 3, NULL, NULL, '97.3804255319149', '47.0436', 0, '', NULL, NULL),
(6, 'C2-03', 1, NULL, 4, NULL, NULL, '98.23148936170213', '31.04376', 0, '', NULL, NULL),
(7, 'B2-01', 1, NULL, 4, NULL, NULL, '80.35914893617021', '15.04376', 0, '', NULL, NULL),
(8, 'B2-02', 1, NULL, 3, NULL, NULL, '190.1463829787234', '85.4436', 0, '', NULL, NULL),
(9, 'B2-03', 1, NULL, 3, NULL, NULL, '209.7208510638298', '79.84360000000001', 0, '', NULL, NULL),
(10, 'B2-04', 1, NULL, 6, NULL, NULL, '200.78468085106383', '33.04376', 0, '', NULL, NULL),
(11, 'A2-01', 1, NULL, 4, NULL, NULL, '136.10382978723405', '153.0376', 0, '', NULL, NULL),
(12, 'A2-02', 1, NULL, 3, NULL, NULL, '178.65702127659574', '118.2436', 0, '', NULL, NULL),
(13, 'A2-03', 1, NULL, 3, NULL, NULL, '210.1463829787234', '129.8436', 0, '', NULL, NULL),
(14, 'A2-04', 1, NULL, 5, NULL, NULL, '200.78468085106383', '162.6436', 0, '', NULL, NULL),
(15, 'C1-01', 2, NULL, 5, NULL, NULL, '104.18893617021277', '56.73526315789474', 0, '', NULL, NULL),
(16, 'C1-02', 2, NULL, 3, NULL, NULL, '103.33787234042553', '36.735263157894735', 0, '', NULL, NULL),
(17, 'C1-03', 2, NULL, 4, NULL, NULL, '128.01872340425533', '19.89721052631579', 0, '', NULL, NULL),
(18, 'D1-01', 2, NULL, 4, NULL, NULL, '108.86978723404256', '122.89473684210526', 0, '', NULL, NULL),
(19, 'D1-02', 2, NULL, 3, NULL, NULL, '106.74212765957448', '103.42105263157895', 0, '', NULL, NULL),
(20, 'D1-03', 2, NULL, 5, NULL, NULL, '119.50808510638298', '77.89473684210526', 0, '', NULL, NULL),
(21, 'B1-01', 2, NULL, 4, NULL, NULL, '80.35914893617021', '9.89721052631579', 0, '', NULL, NULL),
(22, 'B1-03', 2, NULL, 3, NULL, NULL, '221.63574468085108', '62.63157894736842', 0, '', NULL, NULL),
(23, 'B1-02', 2, NULL, 3, NULL, NULL, '190.57191489361702', '56.05263157894737', 0, '', NULL, NULL),
(24, 'B1-04', 2, NULL, 6, NULL, NULL, '209.7208510638298', '23.94736842105263', 0, '', NULL, NULL),
(25, 'A1-01', 2, NULL, 4, NULL, NULL, '144.18893617021277', '103.31421052631579', 2, '', NULL, NULL),
(26, 'A1-02', 2, NULL, 3, NULL, NULL, '190.1463829787234', '82.52473684210527', 0, '', NULL, NULL),
(27, 'A1-03', 2, NULL, 3, NULL, NULL, '219.508085106383', '90.26315789473684', 0, '', NULL, NULL),
(28, 'A1-04', 2, NULL, 5, NULL, NULL, '204.61446808510638', '122.36842105263158', 0, '', NULL, NULL),
(29, 'DR-01', 3, NULL, 4, NULL, NULL, '122.91234042553192', '81.8', 0, '', NULL, NULL),
(30, 'DR-02', 3, NULL, 3, NULL, NULL, '122.91234042553192', '71.2', 0, '', NULL, NULL),
(31, 'DR-03', 3, NULL, 5, NULL, NULL, '125.46553191489362', '63.4', 0, '', NULL, NULL),
(32, 'CR-01', 3, NULL, 5, NULL, NULL, '122.4868085106383', '26.6', 0, '', NULL, NULL),
(33, 'CR-02', 3, NULL, 3, NULL, NULL, '122.4868085106383', '38.8', 0, '', NULL, NULL),
(34, 'CR-03', 3, NULL, 4, NULL, NULL, '124.6144680851064', '55.2', 0, '', NULL, NULL),
(35, 'BR-01', 3, NULL, 4, NULL, NULL, '198.65702127659574', '28.718799999999998', 3, '', NULL, NULL),
(36, 'BR-02', 3, NULL, 3, NULL, NULL, '196.95489361702127', '36.3188', 3, '', NULL, NULL),
(37, 'BR-03', 3, NULL, 3, NULL, NULL, '193.55063829787235', '47.9876', 3, '', NULL, NULL),
(38, 'AR-01', 3, NULL, 4, 111.00, 170000.00, '190.57191489361702', '82.9188', 3, '', NULL, NULL),
(39, 'AR-02', 3, NULL, 3, NULL, NULL, '191.84851063829788', '71.3188', 0, '', NULL, NULL),
(40, 'AR-03', 3, NULL, 3, NULL, NULL, '191.91489361702128', '60.8', 0, '', NULL, NULL),
(41, 'AR-1', 12, 46, 4, 126.00, 385000.00, '89.87341772151899', '27.38095238095238', 3, '', NULL, NULL),
(42, 'A12', 8, 69, 4, 92.00, 230000.00, '23.619038306826067', '74.34980634317651', 3, NULL, NULL, '2024-04-21 12:28:48'),
(43, 'A-11', 11, 48, 5, 168.50, 557000.00, '59.24050632911393', '92.5', 3, '', NULL, NULL),
(44, 'A-12', 11, 49, 4, 142.00, 575000.00, '87.0473417721519', '119.24625', 3, '', NULL, NULL),
(45, 'A-13', 11, 50, 5, 210.00, 630000.00, '80.9713924050633', '50.496249999999996', 3, '', NULL, NULL),
(46, 'A-21', 10, 51, 5, 178.00, 394000.00, '85.02202531645568', '62.72727272727273', 3, 'Garage N° 6', NULL, NULL),
(47, 'A-22', 10, 52, 5, 160.00, 500000.00, '64.51746835443038', '149.81545454545454', 3, ' ', NULL, NULL),
(48, 'A-23', 10, 53, 4, 137.00, 415350.00, '96.41620253164557', '163.4518181818182', 3, '', NULL, NULL),
(49, 'B-11', 11, 54, 5, 169.00, 400000.00, '207.59493670886076', '49.6875', 3, 'Garage N°5', NULL, NULL),
(50, 'B-12', 11, 54, 5, 164.00, 400000.00, '176.4146835443038', '116.12125', 3, 'Garage N° 1', NULL, NULL),
(51, 'B-21', 10, 57, 5, 170.00, 550000.00, '225.02227848101268', '77.27272727272727', 3, NULL, NULL, '2024-01-05 13:22:19'),
(52, 'B-22', 10, 58, 3, 60.00, 200000.00, '223.75645569620255', '144.3577272727273', 3, '', NULL, NULL),
(53, 'B-24', 10, 59, 4, 125.00, 395000.00, '182.0253164556962', '167.27272727272728', 3, NULL, NULL, '2024-03-29 07:09:20'),
(54, 'B-25', 10, 59, 3, 69.00, 194000.00, '212.91139240506328', '182.27272727272728', 3, '', NULL, NULL),
(55, 'A42', 5, 1, 4, 92.00, 210000.00, '27.444444444444443', '75.70789865871834', 3, NULL, NULL, '2024-04-03 07:18:27'),
(56, 'A11', 8, 3, 3, 65.00, 154000.00, '22.707423580786028', '55.57860485586617', 3, NULL, NULL, '2024-03-29 07:20:41'),
(57, 'A14', 8, 5, 4, 104.00, 250000.00, '45.48148091634114', '32.98559364133135', 3, 'Paiement mensuel de 2500 DT durant 50 mois \r\nDate 1er échéance 05/21 \r\nDate prévu de clôture de paiement 06/25', NULL, '2024-04-03 07:09:16'),
(58, 'A16', 8, 6, 3, 75.00, 188000.00, '25.333333333333336', '18.479880774962744', 3, NULL, NULL, '2024-04-03 07:10:04'),
(59, 'A17', 8, 72, 3, 68.00, 179000.00, '24.666666666666668', '37.754595131644315', 3, NULL, NULL, '2024-04-03 07:10:21'),
(60, 'A21', 7, 8, 3, 65.00, 150000.00, '26.111111111111114', '56.53253849975162', 3, NULL, NULL, '2024-04-03 07:10:54'),
(61, 'A22', 7, 73, 4, 92.00, 220000.00, '26.111111111111114', '79.08594138102335', 3, NULL, NULL, '2024-04-03 07:11:18'),
(62, 'A26', 7, 9, 3, 75.00, 190000.00, '26.77777777777778', '16.691505216095383', 3, NULL, NULL, '2024-04-03 07:12:59'),
(63, 'B31', 6, 22, 4, 88.00, 200000.00, '70.66666666666667', '76.70144063586687', 3, NULL, NULL, '2024-04-03 07:42:19'),
(64, 'A32', 6, 19, 4, 92.00, 245000.00, '26.88888888888889', '75.1117734724292', 3, NULL, NULL, '2024-04-03 07:17:18'),
(65, 'A33', 6, 11, 5, 116.00, 300000.00, '36.888888888888886', '61.798310978638845', 3, NULL, NULL, '2024-04-03 07:14:43'),
(66, 'A37', 6, 12, 3, 67.00, 165000.00, '26.444444444444443', '37.754595131644315', 3, NULL, NULL, '2024-04-03 07:16:38'),
(67, 'A41', 5, 13, 3, 65.00, 150000.00, '27.22222222222222', '55.24093392945852', 3, NULL, NULL, '2024-04-03 07:18:07'),
(68, 'A46', 5, 14, 3, 75.00, 173000.00, '26.222222222222225', '18.479880774962744', 3, NULL, NULL, '2024-04-03 07:19:54'),
(69, 'A47', 5, 15, 3, 67.00, 160000.00, '25.88888888888889', '38.74813710879285', 3, NULL, NULL, '2024-04-03 07:20:21'),
(70, 'A53', 4, 84, 3, 69.00, 160000.00, '25.555555555555554', '66.42186862505099', 3, NULL, NULL, '2024-04-03 07:57:01'),
(71, 'A55', 4, 16, 4, 144.00, 243000.00, '18.22222222222222', '17.788657690738475', 3, NULL, NULL, '2024-04-03 07:34:51'),
(72, 'A56', 4, 19, 3, 70.00, 190000.00, '12.777777777777777', '38.188494492044065', 3, NULL, NULL, '2024-04-03 07:35:26'),
(73, 'B11', 8, 85, 4, 88.00, 210000.00, '71.66666666666667', '79.08594138102335', 3, NULL, NULL, '2024-04-03 07:37:43'),
(74, 'B15', 8, 17, 5, 117.00, 250000.00, '76.44444444444444', '16.691505216095383', 3, NULL, NULL, '2024-04-03 07:39:30'),
(75, 'B22', 7, 18, 3, 73.00, 175000.00, '79.66666666666666', '74.31693989071039', 3, NULL, NULL, '2024-04-03 07:40:23'),
(76, 'B24', 7, 89, 3, 64.00, 150000.00, '79.55555555555556', '39.54297069051167', 3, NULL, NULL, '2024-04-03 07:41:09'),
(77, 'B25', 7, 89, 5, 117.00, 270000.00, '75.88888888888889', '18.67858917039245', 3, NULL, NULL, '2024-04-03 07:41:30'),
(78, 'B26', 7, 21, 4, 106.00, 255000.00, '64.55555555555556', '31.992051664182814', 3, NULL, NULL, '2024-04-03 07:41:50'),
(79, 'B32', 6, 23, 3, 73.00, 177000.00, '79', '71.9324391455539', 3, NULL, NULL, '2024-04-03 07:42:38'),
(80, 'B33', 6, 24, 3, 64.00, 150000.00, '79.44444444444444', '57.22801788375559', 3, NULL, NULL, '2024-04-03 07:42:57'),
(81, 'B34', 6, 20, 3, 64.00, 150000.00, '79.55555555555556', '39.94038748137109', 3, NULL, NULL, '2024-04-03 07:43:14'),
(82, 'B35', 6, 20, 5, 117.00, 270000.00, '74.8888888888889', '19.076005961251862', 3, NULL, NULL, '2024-04-03 07:43:31'),
(83, 'B36', 6, 25, 4, 106.00, 200000.00, '62.11111111111111', '31.992051664182814', 3, NULL, NULL, '2024-04-03 07:43:57'),
(84, 'B42', 5, 43, 3, 73.00, 180000.00, '79.33333333333333', '71.53502235469449', 3, NULL, NULL, '2024-04-03 07:44:39'),
(85, 'B43', 5, 27, 3, 64.00, 160000.00, '79.11111111111111', '54.24739195230999', 3, NULL, NULL, '2024-04-03 07:45:51'),
(86, 'B44', 5, 28, 3, 64.00, 146000.00, '79.22222222222223', '37.15846994535519', 3, NULL, NULL, '2024-04-03 07:46:06'),
(87, 'B46', 5, 29, 4, 106.00, 245000.00, '62.77777777777778', '31.395926477893692', 3, NULL, NULL, '2024-04-03 07:46:42'),
(88, 'B52', 4, 92, 5, 127.00, 370000.00, '72.78019934241948', '14.859350727851272', 3, NULL, NULL, '2024-01-02 20:59:15'),
(89, 'Com 1', 9, 60, 0, 97.00, 370000.00, '34.71615720524017', '62.30402483645637', 3, NULL, '2024-01-01 23:42:58', '2024-03-29 07:18:32'),
(90, 'A13', 8, 70, 5, 116.00, 285000.00, '37.919039179628854', '62.51391040297843', 3, NULL, NULL, '2024-04-21 12:29:07'),
(91, 'A23', 7, 74, 5, 116.00, 300000.00, '37.22222222222222', '65.77247888723299', 3, NULL, NULL, '2024-04-03 07:12:14'),
(92, 'A24', 7, 75, 4, 104.00, 268000.00, '46.111111111111114', '32.190760059612515', 3, NULL, NULL, '2024-04-03 07:12:04'),
(93, 'A25', 7, 31, 3, 70.00, 182000.00, '36', '15.300546448087433', 3, NULL, NULL, '2024-04-03 07:12:40'),
(94, 'A27', 7, 32, 3, 67.00, 165000.00, '26.333333333333332', '37.3571783407849', 3, NULL, NULL, '2024-04-03 07:13:25'),
(95, 'A34', 6, 41, 4, 104.00, 265000.00, '46.666666666666664', '32.190760059612515', 3, NULL, NULL, '2024-04-03 07:14:59'),
(96, 'A35', 6, 33, 3, 70.00, 168000.00, '35', '15.499254843517138', 3, NULL, NULL, '2024-04-03 07:15:18'),
(97, 'A36', 6, 34, 3, 75.00, 200000.00, '26.555555555555554', '17.2876304023845', 3, NULL, NULL, '2024-04-03 07:15:45'),
(98, 'A43', 5, 35, 5, 116.00, 289000.00, '37.111111111111114', '67.36214605067065', 3, NULL, NULL, '2024-04-03 07:18:52'),
(99, 'A44', 5, 82, 4, 104.00, 270000.00, '46', '31.793343268753105', 3, NULL, NULL, '2024-04-03 07:19:16'),
(100, 'A45', 5, 40, 3, 70.00, 170000.00, '36.11111111111111', '15.101838052657726', 3, NULL, NULL, '2024-04-03 07:19:35'),
(101, 'A51', 4, 42, 3, 60.00, 160000.00, '17.333332824707032', '52.04406056041566', 3, NULL, NULL, '2024-04-23 12:17:40'),
(102, 'A54', 4, 36, 4, 104.00, 265000.00, '38', '30.354957160342718', 3, NULL, NULL, '2024-04-03 07:34:28'),
(103, 'B12', 8, 37, 3, 73.00, 180000.00, '80', '72.52856433184301', 3, NULL, NULL, '2024-04-03 07:38:24'),
(104, 'B16', 8, 88, 4, 106.00, 228000.00, '63.11111111111111', '31.197218082463984', 3, NULL, NULL, '2024-04-03 07:39:47'),
(105, 'B14', 8, 87, 3, 64.00, 160000.00, '79.77777777777779', '37.754595131644315', 3, NULL, NULL, '2024-04-03 07:39:11'),
(106, 'B45', 5, 90, 5, 117.00, 270000.00, '74.8888888888889', '18.281172379533036', 3, NULL, NULL, '2024-04-03 07:46:25'),
(107, 'B51', 4, 91, 5, 164.00, 490000.00, '74.8888888888889', '67.04202353929996', 3, NULL, NULL, '2024-04-03 07:47:18'),
(108, 'B53', 4, 39, 4, 105.00, 270000.00, '60.88888888888889', '31.98694410444716', 3, NULL, NULL, '2024-04-03 07:48:12'),
(109, 'B21', 7, 38, 4, 88.00, 230000.00, '71.55555555555554', '77.8936910084451', 3, NULL, NULL, '2024-04-03 07:40:05'),
(110, 'B41', 5, 26, 4, 88.00, 175000.00, '70.88888888888889', '75.90660705414804', 3, NULL, NULL, '2024-04-03 07:44:21'),
(111, 'A31', 6, 44, 3, 65.00, 157000.00, '27', '56.433184302036764', 3, NULL, NULL, '2024-04-03 07:17:32'),
(112, 'B23', 7, 45, 3, 64.00, 155000.00, '79', '55.04222553402881', 3, NULL, NULL, '2024-04-03 07:40:40'),
(113, 'BR-3', 12, 96, 7, 223.50, 700000.00, '230.63291139240508', '89.04761904761905', 3, '', NULL, NULL),
(115, 'AR-2', 12, 47, 5, 228.00, 700000.00, '101.26582278481013', '79.04761904761905', 3, 'Garrage N°3', NULL, NULL),
(116, 'BR-1', 12, 54, 5, 169.00, 400000.00, '184.0506329113924', '78.57142857142857', 3, 'Garage N° 4', NULL, NULL),
(117, 'BR-2', 12, 55, 4, 142.00, 490000.00, '224.0506329113924', '26.904761904761905', 3, '', NULL, NULL),
(118, 'Com 2', 9, 61, 0, 75.00, 270000.00, '46.069868995633186', '26.68204195680135', 3, NULL, NULL, '2024-01-01 23:40:47'),
(119, 'Com 3', 9, 62, 0, 37.00, 150000.00, '40.68412947342385', '54.02560238941775', 3, NULL, NULL, '2024-01-02 20:42:03'),
(120, 'Com 4', 9, 67, 0, 112.00, 440000.00, NULL, NULL, 3, '', NULL, NULL),
(121, 'Com 6', 9, 2, 0, 103.00, 273000.00, NULL, NULL, 3, '', NULL, NULL),
(122, 'A15', 8, 71, 3, 70.00, 170000.00, '36.77777777777778', '16.095380029806257', 3, NULL, NULL, '2024-04-03 07:09:46'),
(123, 'Com 5', 9, 124, 0, 102.00, 400000.00, NULL, NULL, 3, '', NULL, NULL),
(124, 'Com 7', 9, 4, 0, 86.00, 270000.00, NULL, NULL, 3, '', NULL, NULL),
(125, 'Com 8', 9, 119, 0, 95.00, 300000.00, NULL, NULL, 3, '', NULL, NULL),
(126, 'Com 10', 9, NULL, 0, 146.00, 520000.00, NULL, NULL, 0, '', NULL, NULL),
(127, 'B13', 8, 86, 3, 64.00, 150000.00, '80.55555555555556', '54.843517138599104', 3, NULL, NULL, '2024-04-03 07:38:44'),
(128, 'A52', 4, NULL, 5, 144.00, NULL, '11.88888888888889', '79.64096287229701', 2, NULL, NULL, '2024-04-03 07:33:27'),
(129, 'Com 9', 9, 83, 0, 49.00, NULL, NULL, NULL, 1, '', NULL, NULL),
(130, 'A22', 25, 7, 4, 129.00, 495000.00, '11.222222222222221', '13.774748608523588', 3, NULL, NULL, '2024-04-03 06:04:38'),
(131, 'A31', 26, 94, 3, 67.00, 240000.00, '8.222222222222223', '29.6231152871475', 3, NULL, NULL, '2024-04-03 06:14:14'),
(132, 'A11', 24, 95, 3, 67.00, 255000.00, '10.444444444444445', '29.474999710711764', 3, NULL, NULL, '2024-04-03 05:58:18'),
(133, 'A12', 24, 96, 4, 129.00, 485000.00, '11.777777777777777', '19.921545030606698', 3, NULL, NULL, '2024-04-03 05:58:59'),
(135, 'A13', 24, 97, 5, 164.00, 642500.00, '22.833333333333332', '19.62531387773522', 3, NULL, NULL, '2024-03-25 09:28:05'),
(136, 'A14', 24, 118, 4, 143.00, 611146.50, '14.333332824707032', '35.814263203710176', 3, 'Terrasse de surface 8 m² à 20 000, 000 DT', NULL, '2024-04-23 12:04:04'),
(137, 'A21', 25, 98, 3, 67.00, 235000.00, '8.444444444444445', '29.69717307536537', 3, NULL, NULL, '2024-04-03 06:04:57'),
(138, 'A23', 25, 99, 5, 164.00, 570000.00, '22.555555555555557', '19.10690936021014', 3, NULL, NULL, '2024-04-03 06:05:33'),
(139, 'A24', 25, 115, 4, 143.00, 570000.00, '14.11111111111111', '37.177009685370116', 3, NULL, NULL, '2024-04-03 06:06:07'),
(140, 'A32', 26, 125, 4, 129.00, 485000.00, '10', '18.884735995556532', 3, NULL, NULL, '2024-04-03 06:16:03'),
(141, 'A33', 26, 100, 5, 164.00, 650000.00, '22.555555555555557', '15.848366678623913', 3, NULL, NULL, '2024-04-03 06:16:58'),
(142, 'A34', 26, 101, 4, 143.00, 490000.00, '9', '37.32512526180585', 3, NULL, NULL, '2024-04-03 06:17:57'),
(143, 'A41', 27, 114, 3, 62.00, 190000.00, '9.11111111111111', '29.77123086358324', 3, 'Terrasse de surface 4 m² à  10 000, 000 DT', NULL, '2024-04-03 06:22:16'),
(144, 'A42', 27, 102, 4, 122.00, 480000.00, '9.777777777777779', '19.995602818824565', 3, 'Terrasse de surface 6 m² à  15 00, 000 DT', NULL, '2024-04-03 06:22:47'),
(145, 'A43', 27, 126, 5, 152.00, 600000.00, '21.444444444444443', '14.81155764357375', 3, 'Terrasse de surface 10 m² à  25 000, 000 DT', NULL, '2024-04-03 06:23:28'),
(146, 'A44', 27, 123, 4, 135.00, 495000.00, '12.444444444444445', '38.51004987329175', 3, 'Terrasse de surface 7 m² à  17 500, 000 DT', NULL, '2024-04-03 06:24:35'),
(147, 'BR1', 29, 117, 4, 139.00, 530000.00, '69.33333333333334', '13.712349585191461', 3, 'Terrasse 18 m² à  45 000,000DT Jardin 45 m² à  67 500', NULL, '2024-04-03 06:27:09'),
(148, 'BR2', 29, 120, 4, 119.00, 487000.00, '82.88888888888889', '36.8320087695259', 3, 'Jardin de surface 39 m² à  58 500, 000 DT', NULL, '2024-04-03 06:27:59'),
(149, 'BR3', 29, 110, 3, 71.00, 315000.00, '67', '34.599765813797056', 3, 'Terrasse de surface 13 m² à  32 500, 000 DT', NULL, '2024-04-03 06:28:49'),
(150, 'B11', 24, 104, 5, 170.00, 630000.00, '67.66666666666666', '30.882097686851274', 3, 'Terrasse de surface 7 m² à  17 500, 000 DT', NULL, '2024-04-03 06:00:58'),
(151, 'B12', 24, 105, 5, 172.00, 620000.00, '81', '31.84484893368357', 3, NULL, NULL, '2024-04-03 06:02:30'),
(152, 'B13', 24, 121, 4, 142.00, 490000.00, '82.22222222222221', '14.293153126048669', 3, NULL, NULL, '2024-04-03 06:03:13'),
(153, 'B21', 25, 128, 5, 170.00, 720000.00, '69.88888888888889', '22.143278677142757', 2, NULL, NULL, '2024-04-03 06:07:10'),
(154, 'B22', 25, 122, 5, 172.00, 650000.00, '82', '26.957034911304227', 3, NULL, NULL, '2024-04-03 06:07:45'),
(155, 'B23', 25, 116, 4, 142.00, 605000.00, '68.55555555555556', '9.997801409412283', 3, NULL, NULL, '2024-04-03 05:57:19'),
(156, 'B31', 26, 129, 5, 170.00, 730000.00, '67.77777777777779', '27.031092699522098', 3, NULL, NULL, '2024-04-03 06:18:34'),
(157, 'B32', 26, NULL, 5, 172.00, 764000.00, '82.22222222222221', '28.06790173457226', 0, NULL, NULL, '2024-04-03 06:19:54'),
(158, 'B33', 26, 106, 4, 142.00, 460000.00, '69.33333333333334', '10.516205926937364', 3, NULL, NULL, '2024-04-03 06:20:22'),
(159, 'B41', 27, 107, 4, 144.00, 625000.00, '67.66666666666666', '29.474999710711764', 3, 'Terrasse de surface 19 m² à  47 500, 000 DT', NULL, '2024-04-03 06:39:50'),
(160, 'B42', 27, 108, 5, 153.00, 495000.00, '80.11111111111111', '29.17876855784029', 3, 'Terrasse de surface 12 m² à  30 000, 000 DT', NULL, '2024-04-03 06:25:52'),
(161, 'B43', 27, 109, 4, 129.00, 440000.00, '82', '17.69981138407063', 3, 'Terrasse de surface 10 m² à  25 000, 000 DT', NULL, '2024-04-03 06:26:29'),
(162, 'BR4', 29, 111, 3, 72.00, 340000.00, '67', '41.45594060639278', 3, 'Terrasse de surface 13 m² à  32 500, 000 DT', NULL, '2024-04-03 06:35:57'),
(163, 'COM1', 29, 112, 0, 133.00, 312550.00, '8.761902956685184', '35.533788562906814', 3, NULL, NULL, '2024-04-03 06:37:41'),
(164, 'COM2', 29, 112, 0, 99.00, 232650.00, '10.777777777777779', '23.039936221629837', 3, NULL, NULL, '2024-04-03 06:37:59'),
(165, 'COM3', 29, 112, 0, 95.00, 223250.00, '11.88888888888889', '16.42293031714791', 3, NULL, NULL, '2024-04-03 06:38:11'),
(166, 'COM4', 29, 112, 0, 99.00, 232650.00, '13.111111111111112', '10.762599965121204', 3, NULL, NULL, '2024-04-03 06:38:28'),
(167, 'AR-1', 31, 127, 3, 52.00, 143000.00, '56.888888888888886', '55.8794756407748', 3, NULL, '2024-01-31 13:29:13', '2024-05-02 06:27:00'),
(168, 'AR-2', 31, 130, 5, 138.00, 400000.00, '66.25925869411893', '51.39242316663813', 3, 'Terrasse de surface 60m² à 30 000 DT', '2024-04-28 20:06:53', '2024-05-02 06:28:58'),
(169, 'AR-3', 31, 131, 4, 109.00, 291200.00, '66.14814758300781', '33.235505517740535', 3, 'Terrasse de surface 7 m² et Jardin de surface 27 m² à 17 000, 000 DT', '2024-04-28 20:08:38', '2024-05-02 06:29:37'),
(170, 'AR-4', 31, 132, 4, 104.00, 270.00, '51.148147583007805', '30.418051770232097', 3, 'Terrasse de surface  4,5 m² et Jardin de surface 22 m² à 13 250,000 DT', '2024-04-28 20:09:32', '2024-05-02 06:30:07'),
(171, 'AR-5', 31, 24, 5, 111.00, 235000.00, '28.259258694118923', '25.096196947301163', 3, 'Terrasse de surface  4,5 m² et Jardin de surface 22 m² à 13 250, 000 DT', '2024-04-28 20:11:37', '2024-05-02 06:30:50'),
(172, 'AR-6', 31, NULL, 4, 117.00, 319000.00, '25.592592027452255', '78.2103966742993', 0, 'Terrasse de surface 6 m² à 3 000, 000 DT', '2024-04-28 20:13:44', '2024-04-28 20:14:08'),
(173, 'AR-7', 31, 133, 4, 113.00, 270000.00, '40.814814249674484', '71.01023936546892', 3, 'Terrasse de surface 4 m² à 2 000, 000 DT', '2024-04-28 20:15:43', '2024-05-02 06:32:55'),
(174, 'A1-1', 32, NULL, 3, 52.00, 150000.00, '53.814814249674484', '43.03349853571557', 2, NULL, '2024-04-28 20:18:31', '2024-04-29 14:09:49'),
(175, 'A1-2', 32, 134, 5, 138.00, 335000.00, '76.92592536078558', '36.96989340904223', 3, NULL, '2024-04-28 20:22:02', '2024-04-29 14:09:31'),
(176, 'A1-3', 32, 135, 4, 114.00, 285000.00, '70.48148091634114', '16.652288273254655', 3, NULL, '2024-04-28 20:22:45', '2024-04-29 14:10:27'),
(177, 'A1-4', 32, 136, 4, 105.00, 229000.00, '46.48148091634114', '16.87854289924588', 3, NULL, '2024-04-28 20:23:52', '2024-04-29 14:11:26'),
(178, 'A1-5', 32, 137, 5, 119.00, 265000.00, '15.703703138563368', '16.607038176623067', 3, NULL, '2024-04-28 20:24:37', '2024-04-29 14:12:15'),
(179, 'A1-6', 32, 138, 4, 117.00, 298000.00, '16.259258694118923', '69.95771720771378', 3, NULL, '2024-04-28 20:25:36', '2024-04-29 14:12:36'),
(180, 'A1-7', 32, 139, 4, 112.00, 300.00, '38.81481424967448', '71.45099318213926', 3, NULL, '2024-04-28 20:26:29', '2024-04-29 14:12:53'),
(181, 'A2-1', 33, 140, 3, 52.00, 150000.00, '53.037036471896705', '50.564013687291144', 3, NULL, '2024-04-28 20:27:45', '2024-04-29 14:13:14'),
(182, 'A2-2', 33, 141, 5, 138.00, 360000.00, '75.0370364718967', '37.275056342963516', 3, NULL, '2024-04-28 20:38:59', '2024-04-29 14:13:31'),
(183, 'A2-3', 33, 142, 4, 114.00, 280000.00, '73.70370313856337', '19.415072500983882', 3, NULL, '2024-04-28 20:39:36', '2024-04-29 14:13:55'),
(184, 'A2-4', 33, 143, 4, 105.00, 225000.00, '53.70370313856336', '15.31528762199517', 3, NULL, '2024-04-28 20:46:26', '2024-04-29 14:14:39'),
(185, 'A2-5', 33, 144, 3, 48.00, 150000.00, '26.148147583007812', '11.92236220490106', 3, NULL, '2024-04-28 20:47:06', '2024-04-29 14:15:25'),
(186, 'A2-6', 33, 145, 5, 141.00, 345000.00, '11.259258694118923', '27.47327036658239', 3, NULL, '2024-04-28 20:48:19', '2024-04-29 14:28:23'),
(187, 'A2-7', 33, 147, 4, 117.00, 265000.00, '14.222222222222221', '71.53523304616743', 3, NULL, '2024-04-28 20:49:24', '2024-04-29 14:30:23'),
(188, 'A2-8', 33, 148, 4, 112.00, 265000.00, '37.81481424967448', '74.4558640386198', 3, NULL, '2024-04-28 20:50:23', '2024-04-29 14:31:14'),
(189, 'A3-1', 34, NULL, 3, 52.00, 125000.00, '55.25925869411893', '52.54322071988701', 3, NULL, '2024-04-28 20:51:34', '2024-04-29 14:34:56'),
(190, 'A3-2', 34, 149, 5, 138.00, 326000.00, '78.37036980523003', '37.69917094151834', 3, NULL, '2024-04-28 20:52:33', '2024-04-29 14:35:52'),
(191, 'A3-3', 34, 150, 4, 114.00, 280000.00, '75.48148091634116', '18.708213039089276', 3, NULL, '2024-04-28 20:53:11', '2024-04-29 14:36:28'),
(192, 'A3-4', 34, 151, 4, 105.00, 260000.00, '52.370369805230034', '15.880775865624566', 3, NULL, '2024-04-28 20:53:56', '2024-05-02 06:32:04'),
(193, 'A3-5', 34, 152, 3, 48.00, 125000.00, '27.444444444444443', '20.923348796112215', 3, NULL, '2024-04-28 20:55:00', '2024-04-29 14:40:28'),
(194, 'A3-6', 34, 154, 5, 141.00, 332000.00, '13.592592027452257', '29.499601183540907', 3, NULL, '2024-04-28 20:55:48', '2024-04-29 14:41:23'),
(195, 'A3-7', 34, 155, 4, 117.00, 300000.00, '13.259258694118925', '69.93196294320335', 3, NULL, '2024-04-28 20:56:33', '2024-05-02 06:20:47'),
(196, 'A3-8', 34, NULL, 4, 112.00, 305000.00, '38.92592536078559', '78.6498964863338', 0, NULL, '2024-04-28 20:57:12', '2024-04-28 20:57:12'),
(197, 'A4-1', 35, NULL, 3, 52.00, 125000.00, '56.814814249674484', '55.94390410948562', 3, NULL, '2024-04-28 20:58:39', '2024-05-02 06:22:28'),
(198, 'A4-2', 35, 156, 4, 116.00, 308000.00, '78.59259202745226', '46.265478895092464', 3, 'Terrasse de surface 23 m² à 11 500, 000 DT', '2024-04-28 20:59:36', '2024-05-02 06:23:19'),
(199, 'A4-3', 35, 157, 4, 101.00, 265000.00, '75.25925869411893', '24.000759352144534', 3, 'Terrasse de surface 23 m² à 11 500, 000 DT', '2024-04-28 21:00:57', '2024-05-02 06:23:52'),
(200, 'A4-4', 35, 158, 4, 96.00, 245000.00, '41.037036471896705', '23.13273895086107', 3, 'Terrasse de surface 16 m² à 8 000, 000 DT', '2024-04-28 21:02:21', '2024-05-02 06:24:18'),
(201, 'A4-5', 35, 159, 5, 138.00, 358000.00, '11.037036471896702', '35.11141820382115', 3, 'Terrasse de surface 11 m² à 5 500, 000 DT', '2024-04-28 21:04:28', '2024-05-02 06:25:05'),
(202, 'A4-6', 35, NULL, 4, 117.00, 316000.00, '14.592592027452255', '72.47969034501261', 0, NULL, '2024-04-28 21:05:09', '2024-04-28 21:05:09'),
(203, 'A4-7', 35, NULL, 4, 113.00, 307000.00, '37.70370313856336', '79.46725390481954', 0, NULL, '2024-04-28 21:05:50', '2024-04-28 21:05:50');

-- --------------------------------------------------------

--
-- Table structure for table `crm_celliers`
--

CREATE TABLE `crm_celliers` (
  `id` bigint(20) UNSIGNED NOT NULL,
  `name` varchar(255) CHARACTER SET utf8mb4 COLLATE utf8mb4_unicode_ci NOT NULL,
  `price` double(8,3) DEFAULT NULL,
  `x` varchar(255) DEFAULT NULL,
  `y` varchar(255) DEFAULT NULL,
  `surface` double(8,3) DEFAULT NULL,
  `client_id` bigint(20) UNSIGNED DEFAULT NULL,
  `residence_id` bigint(20) UNSIGNED DEFAULT NULL,
  `etage_id` bigint(20) DEFAULT NULL,
  `appart_id` bigint(20) DEFAULT NULL,
  `created_at` timestamp NULL DEFAULT NULL,
  `updated_at` timestamp NULL DEFAULT NULL
) ENGINE=InnoDB DEFAULT CHARSET=latin1;

--
-- Dumping data for table `crm_celliers`
--

INSERT INTO `crm_celliers` (`id`, `name`, `price`, `x`, `y`, `surface`, `client_id`, `residence_id`, `etage_id`, `appart_id`, `created_at`, `updated_at`) VALUES
(1, 'C 1', NULL, NULL, NULL, NULL, 46, 3, NULL, NULL, NULL, '2024-01-05 14:05:55'),
(2, 'NÂ° 6', NULL, NULL, NULL, NULL, NULL, 2, NULL, NULL, NULL, NULL),
(3, 'NÂ° 6', NULL, NULL, NULL, NULL, NULL, 2, NULL, NULL, NULL, NULL),
(4, 'C 2', NULL, NULL, NULL, NULL, 48, 3, NULL, NULL, NULL, '2024-01-05 14:06:27'),
(5, 'NÂ° 7', NULL, NULL, NULL, NULL, NULL, 2, NULL, NULL, NULL, NULL),
(6, 'NÂ° 7', NULL, NULL, NULL, NULL, NULL, 2, NULL, NULL, NULL, NULL),
(7, 'NÂ° 7', NULL, NULL, NULL, NULL, NULL, 2, NULL, NULL, NULL, NULL),
(8, 'NÂ° 7', NULL, NULL, NULL, NULL, NULL, 2, NULL, NULL, NULL, NULL),
(9, '01', NULL, NULL, NULL, NULL, NULL, 7, NULL, NULL, NULL, NULL),
(10, 'NÂ° 2', NULL, NULL, NULL, NULL, NULL, 7, NULL, NULL, NULL, NULL),
(11, 'NÂ° 1', NULL, NULL, NULL, NULL, NULL, 7, NULL, NULL, NULL, NULL),
(12, 'NÂ° 3', NULL, NULL, NULL, NULL, NULL, 7, NULL, NULL, NULL, NULL),
(13, 'NÂ° 5', NULL, NULL, NULL, NULL, NULL, 7, NULL, NULL, NULL, NULL),
(14, 'NÂ° 6', NULL, NULL, NULL, NULL, NULL, 7, NULL, NULL, NULL, NULL),
(15, 'NÂ° 7', NULL, NULL, NULL, NULL, NULL, 7, NULL, NULL, NULL, NULL),
(16, 'NÂ°9', NULL, NULL, NULL, NULL, NULL, 7, NULL, NULL, NULL, NULL),
(17, 'NÂ° 5', NULL, NULL, NULL, NULL, 113, 7, NULL, NULL, NULL, NULL),
(18, 'NÂ° 5', NULL, NULL, NULL, NULL, 113, 7, NULL, NULL, NULL, NULL),
(19, 'NÂ° 5', NULL, NULL, NULL, NULL, 113, 7, NULL, NULL, NULL, NULL),
(20, 'C 4', NULL, NULL, NULL, NULL, 52, 3, NULL, NULL, '2024-01-05 14:06:52', '2024-01-05 14:06:52'),
(22, 'C 3', NULL, NULL, NULL, NULL, 59, 3, NULL, NULL, '2024-01-05 14:07:14', '2024-01-05 14:07:14'),
(23, 'G 3', NULL, NULL, NULL, NULL, 47, 3, NULL, NULL, '2024-01-05 14:07:39', '2024-01-05 14:08:19'),
(24, 'G 2', NULL, NULL, NULL, NULL, 50, 3, NULL, NULL, '2024-01-05 14:08:44', '2024-01-05 14:08:44'),
(25, 'G 6', NULL, NULL, NULL, NULL, 51, 3, NULL, NULL, '2024-01-05 14:09:00', '2024-01-05 14:09:00'),
(26, 'G 4', NULL, NULL, NULL, NULL, 54, 3, NULL, NULL, '2024-01-05 14:09:21', '2024-01-05 14:09:21'),
(27, 'G 5', NULL, NULL, NULL, NULL, 54, 3, NULL, NULL, '2024-01-05 14:09:46', '2024-01-05 14:16:29'),
(28, 'G 1', NULL, NULL, NULL, NULL, 54, 3, NULL, NULL, '2024-01-05 14:16:55', '2024-01-05 14:16:55');

-- --------------------------------------------------------

--
-- Table structure for table `crm_charges`
--

CREATE TABLE `crm_charges` (
  `id` bigint(20) UNSIGNED NOT NULL,
  `sonede` double(8,2) DEFAULT NULL,
  `syndic` double(8,2) DEFAULT NULL,
  `avocat` double(8,2) DEFAULT NULL,
  `contrat` double(8,2) DEFAULT NULL,
  `foncier` double(8,2) DEFAULT NULL,
  `appart_id` bigint(20) UNSIGNED DEFAULT NULL,
  `client_id` bigint(20) UNSIGNED DEFAULT NULL,
  `created_at` timestamp NULL DEFAULT NULL,
  `updated_at` timestamp NULL DEFAULT NULL
) ENGINE=InnoDB DEFAULT CHARSET=latin1;

--
-- Dumping data for table `crm_charges`
--

INSERT INTO `crm_charges` (`id`, `sonede`, `syndic`, `avocat`, `contrat`, `foncier`, `appart_id`, `client_id`, `created_at`, `updated_at`) VALUES
(1, 500.00, 1200.00, NULL, 700.00, 1600.00, 93, NULL, NULL, NULL),
(2, 700.00, 1200.00, NULL, 700.00, 1600.00, 92, NULL, NULL, NULL),
(3, 700.00, 1200.00, NULL, 700.00, 1600.00, 91, NULL, NULL, NULL),
(4, 700.00, 1200.00, NULL, 700.00, 1600.00, 61, NULL, NULL, NULL),
(5, 700.00, 1200.00, NULL, 700.00, 1600.00, 60, NULL, NULL, NULL),
(6, 700.00, 1200.00, NULL, 700.00, 1600.00, 59, NULL, NULL, NULL),
(7, 700.00, 1200.00, NULL, 700.00, 1600.00, 58, NULL, NULL, NULL),
(8, 700.00, 1200.00, NULL, 700.00, 1600.00, 122, NULL, NULL, NULL),
(9, 700.00, 1200.00, NULL, 700.00, 1600.00, 90, NULL, NULL, NULL),
(10, 700.00, 1200.00, NULL, 700.00, 1600.00, 42, NULL, NULL, NULL),
(11, 700.00, 1200.00, NULL, 700.00, 1600.00, 56, NULL, NULL, NULL),
(12, 200.00, 1000.00, NULL, 600.00, 1600.00, 41, NULL, NULL, NULL),
(13, 500.00, 1000.00, NULL, 700.00, 1600.00, 115, NULL, NULL, NULL),
(14, 200.00, 1000.00, NULL, 600.00, 1600.00, 43, NULL, NULL, NULL),
(15, 500.00, 1200.00, NULL, 700.00, 1600.00, 44, NULL, NULL, NULL),
(16, 500.00, 1000.00, NULL, 700.00, 1600.00, 45, NULL, NULL, NULL),
(17, 200.00, 1000.00, NULL, 600.00, 1600.00, 46, NULL, NULL, NULL),
(18, 200.00, 1000.00, NULL, 600.00, 1600.00, 47, NULL, NULL, NULL),
(19, 500.00, 1200.00, NULL, 700.00, 1600.00, 48, NULL, NULL, NULL),
(20, 200.00, 1000.00, NULL, 600.00, 1600.00, 49, NULL, NULL, NULL),
(21, 200.00, 1000.00, NULL, 600.00, 1600.00, 50, NULL, NULL, NULL),
(22, 700.00, 1200.00, NULL, 700.00, 1600.00, 94, NULL, NULL, NULL),
(23, 500.00, 1200.00, NULL, 700.00, 1600.00, 51, NULL, NULL, NULL),
(24, 500.00, 1200.00, NULL, 700.00, 1600.00, 52, NULL, NULL, NULL),
(25, 500.00, 1200.00, NULL, 700.00, 1600.00, 53, NULL, NULL, NULL),
(26, 500.00, 1200.00, NULL, 700.00, 1600.00, 54, NULL, NULL, NULL),
(27, 200.00, 1000.00, NULL, 600.00, 1600.00, 116, NULL, NULL, NULL),
(28, 500.00, 1000.00, NULL, 700.00, 1600.00, 117, NULL, NULL, NULL),
(29, 500.00, 1200.00, NULL, 700.00, 1600.00, 113, NULL, NULL, NULL),
(30, 700.00, 1200.00, NULL, 700.00, 1600.00, 62, NULL, NULL, NULL),
(31, 700.00, 1200.00, NULL, 700.00, 1600.00, 111, NULL, NULL, NULL),
(32, 700.00, 1200.00, NULL, 700.00, 1600.00, 64, NULL, NULL, NULL),
(33, 700.00, 1200.00, NULL, 700.00, 1600.00, 65, NULL, NULL, NULL),
(34, 700.00, 1200.00, NULL, 700.00, 1600.00, 95, NULL, NULL, NULL),
(35, 700.00, 1200.00, NULL, 700.00, 1600.00, 96, NULL, NULL, NULL),
(36, 700.00, 1200.00, NULL, 700.00, 1600.00, 97, NULL, NULL, NULL),
(37, 700.00, 1200.00, NULL, 700.00, 1600.00, 66, NULL, NULL, NULL),
(38, 700.00, 1200.00, NULL, 700.00, 1600.00, 67, NULL, NULL, NULL),
(39, 700.00, 1200.00, NULL, 700.00, 1600.00, 98, NULL, NULL, NULL),
(40, 700.00, 1200.00, NULL, 700.00, 1600.00, 99, NULL, NULL, NULL),
(41, 700.00, 1200.00, NULL, 700.00, 1600.00, 68, NULL, NULL, NULL),
(42, 700.00, 1200.00, NULL, 700.00, 1600.00, 69, NULL, NULL, NULL),
(43, 700.00, 1200.00, NULL, 700.00, 1600.00, 101, NULL, NULL, NULL),
(44, 700.00, 1200.00, NULL, 700.00, 1600.00, 70, 84, NULL, '2024-01-10 14:22:22'),
(45, 700.00, 1200.00, NULL, 700.00, 1600.00, 102, NULL, NULL, NULL),
(46, 700.00, 1200.00, NULL, 700.00, 1600.00, 72, NULL, NULL, NULL),
(47, 700.00, 1200.00, NULL, 700.00, 1600.00, 73, NULL, NULL, NULL),
(48, 700.00, 1200.00, NULL, 700.00, 1600.00, 103, NULL, NULL, NULL),
(49, 700.00, 1200.00, NULL, 700.00, 1600.00, 127, NULL, NULL, NULL),
(50, 700.00, 1200.00, NULL, 700.00, 1600.00, 105, NULL, NULL, NULL),
(51, 700.00, 1200.00, NULL, 700.00, 1600.00, 74, NULL, NULL, NULL),
(52, 700.00, 1200.00, NULL, 700.00, 1600.00, 104, NULL, NULL, NULL),
(53, 700.00, 1200.00, NULL, 700.00, 1600.00, 109, NULL, NULL, NULL),
(54, 700.00, 1200.00, NULL, 700.00, 1600.00, 75, NULL, NULL, NULL),
(55, 700.00, 1200.00, NULL, 700.00, 1600.00, 112, NULL, NULL, NULL),
(56, 700.00, 1200.00, NULL, 700.00, 1600.00, 76, NULL, NULL, NULL),
(57, 700.00, 1200.00, NULL, 700.00, 1600.00, 77, NULL, NULL, NULL),
(58, 700.00, 1200.00, NULL, 700.00, 1600.00, 78, NULL, NULL, NULL),
(59, 700.00, 1200.00, NULL, 700.00, 1600.00, 63, NULL, NULL, NULL),
(60, 700.00, 1200.00, NULL, 700.00, 1600.00, 79, NULL, NULL, NULL),
(61, 700.00, 1200.00, NULL, 700.00, 1600.00, 81, NULL, NULL, NULL),
(62, 700.00, 1200.00, NULL, 700.00, 1600.00, 82, NULL, NULL, NULL),
(63, 700.00, 1200.00, NULL, 700.00, 1600.00, 83, NULL, NULL, NULL),
(64, 700.00, 1200.00, NULL, 700.00, 1600.00, 84, NULL, NULL, NULL),
(65, 700.00, 1200.00, NULL, 700.00, 1600.00, 85, NULL, NULL, NULL),
(66, 700.00, 1200.00, NULL, 700.00, 1600.00, 106, NULL, NULL, NULL),
(67, 700.00, 1200.00, NULL, 700.00, 1600.00, 87, NULL, NULL, NULL),
(68, 700.00, 1200.00, NULL, 700.00, 1600.00, 107, NULL, NULL, NULL),
(69, 700.00, 1200.00, NULL, 700.00, 1600.00, 88, NULL, NULL, NULL),
(70, 700.00, 1200.00, NULL, 700.00, 1600.00, 108, NULL, NULL, NULL),
(72, 700.00, 1200.00, NULL, 700.00, 1600.00, 118, NULL, NULL, NULL),
(73, 700.00, 1200.00, NULL, 700.00, 1600.00, 119, NULL, NULL, NULL),
(74, 700.00, 1200.00, NULL, 700.00, 1600.00, 120, NULL, NULL, NULL),
(75, 700.00, 1200.00, NULL, 700.00, 1600.00, 121, NULL, NULL, NULL),
(76, 200.00, 700.00, NULL, 600.00, 1600.00, 38, NULL, NULL, NULL),
(77, 1000.00, 1800.00, NULL, 800.00, 1600.00, 130, NULL, NULL, NULL),
(78, 1000.00, 1800.00, NULL, 800.00, 1600.00, 131, NULL, NULL, NULL),
(79, 1000.00, 1800.00, NULL, 800.00, 1600.00, 135, NULL, NULL, NULL),
(80, 1000.00, 1800.00, NULL, 800.00, 1600.00, 137, NULL, NULL, NULL),
(81, 1000.00, 1800.00, NULL, 800.00, 1600.00, 133, NULL, NULL, NULL),
(82, 1000.00, 1800.00, NULL, 800.00, 1600.00, 138, NULL, NULL, NULL),
(83, 1000.00, 1800.00, NULL, 800.00, 1600.00, 136, NULL, NULL, NULL),
(84, 1000.00, 1800.00, NULL, 800.00, 1600.00, 141, NULL, NULL, NULL),
(85, 1000.00, 1800.00, NULL, 800.00, 1600.00, 142, NULL, NULL, NULL),
(86, 1000.00, 1800.00, NULL, 800.00, 1600.00, 151, NULL, NULL, NULL),
(87, 1000.00, 1800.00, NULL, 800.00, 1600.00, 158, NULL, NULL, NULL),
(88, 1000.00, 1800.00, NULL, 800.00, 1600.00, 159, NULL, NULL, NULL),
(89, 1000.00, 1800.00, NULL, 800.00, 1600.00, 160, NULL, NULL, NULL),
(90, 1000.00, 1800.00, NULL, 800.00, 1600.00, 161, NULL, NULL, NULL),
(91, 1000.00, 1800.00, NULL, 800.00, 1600.00, 149, NULL, NULL, NULL),
(92, 1000.00, 1800.00, NULL, 800.00, 1600.00, 162, NULL, NULL, NULL),
(93, 1000.00, 1800.00, NULL, 800.00, 1600.00, 139, NULL, NULL, NULL),
(94, 1000.00, 1800.00, NULL, 800.00, 1600.00, 147, NULL, NULL, NULL),
(95, 1000.00, 1800.00, NULL, 800.00, 1600.00, 148, NULL, NULL, NULL),
(96, 1000.00, 1800.00, NULL, 800.00, 1600.00, 154, NULL, NULL, NULL),
(97, NULL, NULL, NULL, NULL, NULL, 155, 116, NULL, '2024-03-27 09:09:31'),
(98, 1000.00, 1800.00, NULL, 800.00, 1600.00, 158, NULL, NULL, NULL),
(99, NULL, NULL, NULL, NULL, 1600.00, 132, NULL, NULL, NULL),
(100, NULL, NULL, NULL, NULL, NULL, 140, 125, NULL, '2024-03-27 09:09:43'),
(101, 1000.00, 1800.00, NULL, 800.00, 1600.00, 146, NULL, NULL, NULL),
(102, NULL, NULL, NULL, NULL, NULL, 145, 126, NULL, '2024-03-27 09:09:19'),
(103, 1000.00, 1800.00, NULL, 800.00, 1600.00, 156, 129, NULL, '2024-03-27 09:06:12'),
(104, NULL, NULL, NULL, NULL, NULL, 157, NULL, NULL, '2024-03-27 09:05:24'),
(105, NULL, NULL, NULL, NULL, NULL, 153, 128, NULL, '2024-03-27 09:09:52'),
(106, NULL, NULL, NULL, NULL, NULL, 163, 112, NULL, '2024-03-27 09:10:08'),
(107, NULL, NULL, NULL, NULL, NULL, 164, 112, NULL, '2024-03-27 09:10:24'),
(108, NULL, NULL, NULL, NULL, NULL, 164, 112, NULL, '2024-03-27 09:10:32'),
(109, NULL, NULL, NULL, NULL, NULL, 165, 112, NULL, '2024-03-27 09:10:39'),
(110, NULL, NULL, NULL, NULL, NULL, 166, 112, NULL, '2024-03-27 09:10:47'),
(111, 700.00, 1200.00, NULL, 700.00, 1600.00, 89, 60, '2024-01-29 09:38:38', '2024-01-29 09:38:38'),
(112, NULL, NULL, NULL, NULL, NULL, 150, 104, '2024-03-27 09:12:07', '2024-03-27 09:12:07'),
(113, NULL, NULL, NULL, NULL, NULL, 143, 114, '2024-03-27 09:14:02', '2024-03-27 09:14:02'),
(114, 1000.00, 1800.00, NULL, 800.00, 1600.00, 144, 102, '2024-03-27 09:14:12', '2024-03-27 09:14:33'),
(115, NULL, NULL, NULL, NULL, NULL, 57, 5, '2024-03-27 11:49:04', '2024-03-27 11:49:04'),
(116, NULL, NULL, NULL, NULL, NULL, 55, 1, '2024-03-27 11:49:57', '2024-03-27 11:49:57'),
(117, NULL, NULL, NULL, NULL, NULL, 100, 40, '2024-03-27 11:50:36', '2024-03-27 11:50:36'),
(118, NULL, NULL, NULL, NULL, NULL, 128, NULL, '2024-03-27 11:52:49', '2024-03-27 11:52:49'),
(119, NULL, NULL, NULL, NULL, NULL, 110, 26, '2024-03-27 11:54:01', '2024-03-27 11:54:01'),
(120, NULL, NULL, NULL, NULL, NULL, 86, 28, '2024-03-27 11:54:29', '2024-03-27 11:54:29'),
(121, NULL, NULL, NULL, NULL, NULL, 123, 124, '2024-03-27 11:55:08', '2024-03-27 11:55:08'),
(122, NULL, NULL, NULL, NULL, NULL, 124, 4, '2024-03-27 11:55:34', '2024-03-27 11:55:34'),
(123, NULL, NULL, NULL, NULL, NULL, 125, 119, '2024-03-27 11:56:21', '2024-03-27 11:56:21'),
(124, NULL, NULL, NULL, NULL, NULL, 129, 83, '2024-03-27 11:56:38', '2024-03-27 11:56:38'),
(125, NULL, NULL, NULL, NULL, NULL, 126, NULL, '2024-03-27 11:57:21', '2024-03-27 11:57:21'),
(126, NULL, NULL, NULL, NULL, NULL, 71, 16, '2024-03-27 12:04:48', '2024-03-27 12:04:48'),
(127, NULL, NULL, NULL, NULL, NULL, 80, 24, '2024-03-27 12:06:45', '2024-03-27 12:06:45');

-- --------------------------------------------------------

--
-- Table structure for table `crm_clients`
--

CREATE TABLE `crm_clients` (
  `id` bigint(20) UNSIGNED NOT NULL,
  `name` varchar(255) CHARACTER SET utf8mb4 COLLATE utf8mb4_unicode_ci NOT NULL,
  `lastName` varchar(255) CHARACTER SET utf8mb4 COLLATE utf8mb4_unicode_ci DEFAULT NULL,
  `phone` varchar(255) CHARACTER SET utf8mb4 COLLATE utf8mb4_unicode_ci DEFAULT NULL,
  `cin` varchar(255) CHARACTER SET utf8mb4 COLLATE utf8mb4_unicode_ci DEFAULT NULL,
  `email` varchar(255) CHARACTER SET utf8mb4 COLLATE utf8mb4_unicode_ci DEFAULT NULL,
  `type` int(11) DEFAULT NULL,
  `date_res` date DEFAULT NULL,
  `comments` text CHARACTER SET utf8mb4 COLLATE utf8mb4_unicode_ci,
  `created_at` timestamp NULL DEFAULT NULL,
  `updated_at` timestamp NULL DEFAULT NULL
) ENGINE=InnoDB DEFAULT CHARSET=latin1;

--
-- Dumping data for table `crm_clients`
--

INSERT INTO `crm_clients` (`id`, `name`, `lastName`, `phone`, `cin`, `email`, `type`, `date_res`, `comments`, `created_at`, `updated_at`) VALUES
(1, 'Wajdi', 'Triki', '21387213', '05318958', NULL, 0, NULL, NULL, NULL, '2024-01-30 08:18:26'),
(2, 'Vision', 'Mondial', '23232535 - 97303030', '1127577V', '_', 0, NULL, 'Ilyes Hrichi \r\nCIN 06401544', NULL, '2024-04-23 12:10:45'),
(3, 'Ramzi', 'Gharbi', '+966564604521', '07336064', '_', 0, NULL, '', NULL, NULL),
(4, 'Wael', 'Dammak', '22817666', '08177156', '', 0, NULL, '', NULL, NULL),
(5, 'Salah', 'Hammami', '26397572', '01012308 ', '_', 0, NULL, '', NULL, NULL),
(6, 'Yamen', 'Midouni', '+33646194074', '08335523', '_', 0, NULL, '2éme propriétaire Sonia Siidani\r\nCIN 10020016', NULL, NULL),
(7, 'Hichem', 'Wahada', '98305857', '00776604', '', 0, NULL, '', NULL, NULL),
(8, 'Maha', 'Telli', '56996865', '09755193', '_', 0, NULL, '', NULL, NULL),
(9, 'wajih', 'Chaari', '94312520 - 95068694', '05333248', '_', 0, NULL, '', NULL, NULL),
(10, 'Imed', 'Meddeb', '_', '06414377', '_', 1, NULL, '', NULL, NULL),
(11, 'Radhouan', 'Mokhtari', '+213550072455', '186835036 ', '_', 0, NULL, '', NULL, NULL),
(12, 'Wafa', 'Jaidene', '25557413', '05325636', '_', 0, NULL, '', NULL, NULL),
(13, 'Hajer', 'Ben Khedher', '905312014358', '07730167', '_', 0, NULL, '', NULL, NULL),
(14, 'Hassen', 'Souidi', '98272130', '03375529', '_', 0, NULL, '', NULL, NULL),
(15, 'Jihene', 'Nkaiss', '24230352', '08383685', '_', 0, NULL, '', NULL, NULL),
(16, 'chohdi', 'Imem', '22392715', '09259225', 'chohdi2020@gmail.com', 0, NULL, '', NULL, NULL),
(17, 'Yosra', 'Hamemi', '55489581', '04719060', '_', 0, NULL, '', NULL, NULL),
(18, 'Najet', 'Ben saad', '53268369', '00326656', '_', 0, NULL, '2éme propriétaire Mohamed Ben Saad \r\nCIN 00301501', NULL, NULL),
(19, 'Najoua', 'Jmour ', '26306736', '02890664', '', 0, NULL, '', NULL, NULL),
(20, 'Abess', 'Belkahla', '22570201', '04154309', '_', 0, NULL, '', NULL, NULL),
(21, 'Ghofrane', 'Abidi', '97433053063', '09168809', '_', 0, NULL, '', NULL, NULL),
(22, 'Taher', 'Chaabene', '33785341015', '04192067', '_', 0, NULL, '', NULL, NULL),
(23, 'Amine', 'Berebeh', '29289389', '07413482', '_', 0, NULL, '', NULL, NULL),
(24, 'Marwen', 'Ben younes', '29041831', '07108009', '_', 0, NULL, '', NULL, NULL),
(25, 'Wissem', 'Baklouti', '44294275', '05321868', '_', 0, NULL, '', NULL, NULL),
(26, 'Abdessattar', 'Boussarsar', '22666426', '05381138', '_', 0, NULL, '', NULL, NULL),
(27, 'Makrem', 'Boussarsar', '93641843', '05296880', '_', 0, NULL, '', NULL, NULL),
(28, 'Emna', 'Boussarsar', '20303695', '08724600', '_', 0, NULL, '', NULL, NULL),
(29, 'Rami', 'Aloulou', '55848466', '08779674', '_', 0, NULL, '', NULL, NULL),
(30, 'Amel', 'Kaboubi', '_', '08127006', '_', 1, NULL, '', NULL, NULL),
(31, 'Samia', 'Khadhraoui', '58149923', '07754237', '_', 0, NULL, '', NULL, NULL),
(32, 'Issam', 'Becri', '25382975', '06383416', '_', 0, NULL, '', NULL, NULL),
(33, 'Najoua', 'El Aamri', '98375781', '03741004', '_', 0, NULL, '', NULL, NULL),
(34, 'Kaouther', 'Ben Nsib ', '21920320', '00589254', '_', 0, NULL, '', NULL, NULL),
(35, 'Mohamed', 'Bachali', '97466762660', '06340239', '_', 0, NULL, '', NULL, NULL),
(36, 'Slim', 'Hrigua ', '52341540', '06427541', '_', 0, NULL, '', NULL, NULL),
(37, 'Ines', 'Bachtobji', '28997198', '05460437', '_', 0, NULL, '', NULL, NULL),
(38, 'Raoudha', 'Dhahri', '98429193 - 98823148', '03065985', '_', 0, NULL, '', NULL, NULL),
(39, 'Omar', 'Ayedi', '98422701 - 53332141 - 33612622609', '07062809', 'flash.coss@hotmail.com', 0, NULL, '', NULL, NULL),
(40, 'Aymen ', 'Berebeh', '_', '08340118', '_', 0, NULL, '', NULL, NULL),
(41, 'Ibrahim', 'Bouzayene', '99801785', '06149459', '_', 0, NULL, '', NULL, NULL),
(42, 'Hedi', 'Yezidi', '_', '06365581', '_', 0, NULL, '', NULL, NULL),
(43, 'Sami', 'Boussarsar', '99641427', '05251734', '', 0, NULL, '2éme propriétaire Maha Bouattour\r\nCIN 08152874', NULL, NULL),
(44, 'Fethia', 'Miaadi', '98625123', '03134427', '_', 0, NULL, '2éme propriétaire Tarek Mouadeb \r\nCIN 00891470', NULL, NULL),
(45, 'Chekib', 'Massmoudi', '23256559', '08759334', '_', 0, NULL, '2éme propriétaire Nesrine massmoudi \r\nCIN 08759334', NULL, NULL),
(46, 'Istabrak', 'Makni', '20552560', '05316323', '_', 0, NULL, '', NULL, NULL),
(47, 'Sami', 'Dhif', '98349151', '00268702', '', 0, NULL, '2éme propriétaire Radhia Mheni\r\nCIN 04163122', NULL, NULL),
(48, 'Monia ', 'Boughanmi ', '+33664914232', '00278836', '_', 0, NULL, '', NULL, NULL),
(49, 'Raouf', 'Alwi ', '26888111', '04324371', '_', 0, NULL, '', NULL, NULL),
(50, 'Raja', 'Lahmidi', '+33617832045', '07323424', '_', 0, NULL, '', NULL, NULL),
(51, 'Latifa', 'Aouini', '20270987', '07259558', '_', 0, NULL, '', NULL, NULL),
(52, 'Mondhor', 'Arfaoui', '99761110', '08355854', '_', 0, NULL, '', NULL, NULL),
(53, 'Sihem ', 'Achouri ', '24979707', '04576398', 'achourisihem04@gmail.com', 0, NULL, '', NULL, NULL),
(54, 'Ahmed ', 'Ghariani ', '21405248', '01047299', '_', 0, NULL, '', NULL, NULL),
(55, 'Sahbi', 'Labib ', '+971564048404', '07671973', '_', 0, NULL, '2éme propriétaire Rahma Jabes\r\nCIN 07714693', NULL, NULL),
(56, 'Hatem', 'Friga', '20273768', '05460213', '_', 0, NULL, '2éme propriétaire Marwa Gaza\r\nCIN 09001737', NULL, NULL),
(57, 'Tijani', 'Bouayed ', '50540303', '01055626', '', 0, NULL, '', NULL, NULL),
(58, 'Mohamed', 'Lachaal', '23250250', '00457628', '_', 0, NULL, '', NULL, NULL),
(59, 'Sofiene ', 'Zribi ', '26600660', '07638674', '_', 0, NULL, '', NULL, NULL),
(60, 'Elbehi', 'Werchfeni', '97438077', '00914332', '_', 0, NULL, '', NULL, NULL),
(61, 'Farid', 'Ghaleb', '53539715', '01784783', '_', 0, NULL, '', NULL, NULL),
(62, 'Noureddine', 'Aounallah', '94324928', '01652920', '_', 0, NULL, '2éme propriétaire Raoudha Kalbousi\r\nCIN 01809987', NULL, NULL),
(63, 'Aymen', 'Makhlouf', '_', '03194333', '_', 1, NULL, '', NULL, NULL),
(64, 'Wissem', 'Makhlouf', '20564009', '03194075', '_', 1, NULL, '', NULL, NULL),
(65, 'Khadija', 'Fitouri', '_', '05041539', '_', 1, NULL, '', NULL, NULL),
(66, 'Hasna', 'Hedhli', '_', '04649485', '_', 1, NULL, '', NULL, NULL),
(67, 'Firma', 'La ', '98303318', '1583125/K', '', 0, NULL, 'Jazi Hamadi \r\nCIN 06315098\r\n', NULL, NULL),
(68, 'Samia', 'Hrichi', '', '01815259', '', 1, NULL, '', NULL, NULL),
(69, 'Abdlahfidh', 'Laabidi', '27447989', '03750934', '', 0, NULL, '2éme propriétaire Kaouthar Riahi\r\nCIN 07029807', NULL, NULL),
(70, 'Ahmed', 'Guider', '98429193 - 98823148', '14305882', '', 0, NULL, '', NULL, NULL),
(71, 'Hedi', 'Cherif', '58379652', '00344289', '', 0, NULL, '', NULL, NULL),
(72, 'Leila', 'Zaimi', '94312520', '08024453', '', 0, NULL, '2éme propriétaire Mohamed Ben Aziza \r\nCIN 08319293', NULL, NULL),
(73, 'Oussema', 'Belhadj', '20317415', '05447960', '', 0, NULL, '2éme propriétaire Mariem Marseoui\r\nCIN 08712016', NULL, NULL),
(74, 'Abdelkader', 'Mansour', '29866546', '07128908', '', 0, NULL, '', NULL, NULL),
(75, 'Samira', 'Suid', '92942788', '05208911', '', 0, NULL, '', NULL, NULL),
(76, 'Slim', 'Omrane', '52518512', '00298113', '', 1, NULL, '', NULL, NULL),
(77, 'Hazar', 'Kharrat ', '', '08328822', '', 1, NULL, '', NULL, NULL),
(78, 'Imen', 'Daoud', '', '06287912', '', 1, NULL, '', NULL, NULL),
(79, 'Hajer', 'Ben Abda', '', '', '', 1, NULL, '', NULL, NULL),
(80, 'Amira', 'Arbaoui', '', '09608433', '', 1, NULL, '', NULL, NULL),
(81, 'Imed', 'Meddeb', '', '06414377', '', 1, NULL, '', NULL, NULL),
(82, 'Aida', 'Kordoghli ', '24929260', '08268199', '', 0, NULL, '', NULL, NULL),
(83, 'Chahia', 'Les Abatoires', '', '1490413B', '', 0, NULL, '', NULL, NULL),
(84, 'Nesrine', 'Boukadi', '99 361 233', '08413546', NULL, 0, NULL, NULL, NULL, '2024-04-03 07:50:11'),
(85, 'Feten', 'Ben Ahmed ', '20351957', '04785864', '', 0, NULL, '2éme propriétaire Souheila Ben Ahmed \r\nCIN 04785864', NULL, NULL),
(86, 'Amira', 'Bibi', '25674975', '08806575', '', 0, NULL, '2éme propriétaire Wissem Barkallah\r\nCIN 08805053', NULL, NULL),
(87, 'Mohamed', 'Elouni', '28505477', '00294499', '', 0, NULL, '', NULL, NULL),
(88, 'Raje', 'Essafi', '98272864', '00318333', '', 0, NULL, '', NULL, NULL),
(89, 'Salem', 'Belkahla', '29489680', '04192291', '', 0, NULL, '', NULL, NULL),
(90, 'Rchid', 'Belkahla ', '98252969', '04026407', '', 0, NULL, '', NULL, NULL),
(91, 'Mariem', 'Nafti', '33753242424', '08030222', '', 0, NULL, '', NULL, NULL),
(92, 'Safa', 'Mnakbi', '98154500', '08503419', '', 0, NULL, '', NULL, NULL),
(93, 'Nawfel', 'Saaf', '', '', '', 1, NULL, '', NULL, NULL),
(94, 'Souhir', 'El Ouni', '58 885 438', '07111098', 'souhir.el.aouni@gmail.com', 0, NULL, '', NULL, NULL),
(95, 'Slimene', 'Teletli', '98318610', '05119158', '', 0, NULL, '', NULL, NULL),
(96, 'Hatem', 'Friga', '20273768', '05460213', 'hatemfriga@hotmail.com', 0, NULL, '', NULL, NULL),
(97, 'Med Amine', 'Kasrawi', '98539545', '05577126', 'amine.kesraoui@gmail.com', 0, NULL, '', NULL, NULL),
(98, 'Karim', 'Ben Telili', '54018088', '05422392', 'karim.bentlili@bt.com.tn', 0, NULL, '2éme propriétaire \r\nHanen Korbi\r\nCIN 07049799', NULL, '2024-01-15 06:53:43'),
(99, 'Med Fathi', 'Jabnoun ', '29292934 - 58379224', '03289305', 'jabnoun@gln-a.com', 0, NULL, '', NULL, NULL),
(100, 'Randa', 'Gharbi', '58566444', '‏08932827‏', '', 0, NULL, '', NULL, NULL),
(101, 'Leila', 'Nouicer ', '98336610 - 23236633', '‏‏00191240‏', 'nouicer.leila@gmail.com', 0, NULL, '2éme propriétaire\r\nRadhouen Nouicer \r\nCIN ‏00447316', NULL, NULL),
(102, 'Azza', 'Jellali ', '00971553178977', '07312974', '', 0, NULL, '', NULL, NULL),
(103, 'Med Khalil', 'Bejewi', '29700194', '‏11351059‏', '', 0, NULL, '', NULL, NULL),
(104, 'Makrem', 'Cherif ', '29059059', '08414825', '', 0, NULL, '', NULL, NULL),
(105, 'Kamel', 'Zgaya', '28501631', '04129299', '', 0, NULL, '', NULL, NULL),
(106, 'Fadhila', 'Ben Chibani', '98696202', '01273559', 'benchibani@etap.com.tn', 0, NULL, '', NULL, NULL),
(107, 'Abir', 'Enour', '98319739', '09828973', '', 0, NULL, '', NULL, NULL),
(108, 'Nabil', 'Mlika', '99715500', '04611607', 'nabil.mlika@star.com.tn', 0, NULL, '2éme propriétaire\r\nJihene Majdoub\r\nCIN 06292821', NULL, NULL),
(109, 'Sihem', 'Achouri', '24979707', '04576398‏', 'achourisihem04@gmail.com', 0, NULL, '', NULL, NULL),
(110, 'Intissar', 'Ben Rhaiem', '58194771 - 00393396024442', '09780805', '', 0, NULL, '', NULL, NULL),
(111, 'Farah', 'Heleli', '29527836', '08331954', 'hellalifarah@gmail.com', 0, NULL, '', NULL, NULL),
(112, 'Ahmed', 'Ghariani', '21405248', '01047299', '', 0, NULL, '', NULL, NULL),
(113, 'Jied', 'Awij', '24979200', '05450460', '', 0, NULL, '', NULL, NULL),
(114, 'Achraf', 'Jmal ', '27464882', '08718494', '', 0, NULL, '', NULL, NULL),
(115, 'Hana', 'Hammami ', '54783951', '11072967', '', 0, NULL, '', NULL, NULL),
(116, 'Bornia', 'Bakkar', '51788871 / +33609410077 / +33660685460', '05427432', '', 0, NULL, 'Ramzi Bakkar \r\nCIN N° 04786609 ', NULL, NULL),
(117, 'El Aicha', 'El Mansouri', '20 092 020', '00530000', '', 0, NULL, '', NULL, NULL),
(118, 'Halim', 'Hamzaoui', '21945071 - 41767312700', '05636067', '', 0, NULL, '', NULL, NULL),
(119, 'Med Riadh', 'Whichi', '97405912', '04494087', '', 0, NULL, '', NULL, NULL),
(120, 'Adel', 'Rahali', '+966593020194', '08018120', '', 0, NULL, '', NULL, NULL),
(121, 'Marwa', 'Amraoui', '97953109', '08945455', '', 0, NULL, '', NULL, NULL),
(122, 'Fathi', 'Gsiri', '24918628', '05873726', '', 0, NULL, '', NULL, NULL),
(123, 'Nadia', 'Bouzguenda', '55 464 606', '01345955', '', 0, NULL, '', NULL, NULL),
(124, 'Mouldi', 'Kalbousi', '96 566 366', '01778647', '', 0, NULL, '', NULL, NULL),
(125, 'Wael', 'Nefzi', '53310972', '09153314', '', 0, NULL, '', NULL, NULL),
(126, 'Samir', 'Laabidi', '+ 33 06 64 98 26 31', '00293916', '', 0, NULL, '', NULL, NULL),
(127, 'Nihed', 'Cherif', '28756302 - +352661998936', '08876852', NULL, 0, NULL, NULL, '2024-01-31 13:31:04', '2024-03-27 11:14:35'),
(128, 'Chokri', 'Ghamri', NULL, '03943076', NULL, 1, NULL, '2éme propriétaire Hend Hamouda CIN 03985430', '2024-03-25 07:21:48', '2024-04-03 05:55:17'),
(129, 'Faouzi', 'Soufi', '21 65 69 65', '00285645', NULL, 0, NULL, NULL, '2024-03-25 07:26:52', '2024-03-27 11:12:00'),
(130, 'Famille', 'Ayari', '95591042', NULL, 'mounir.ayari@tbigroupe.com', 0, NULL, 'Mounir Ayari   CIN 03763643\r\nZouhir Ayari    CIN 03783277\r\nOlfa Ayari        CIN 00396095', '2024-04-05 05:55:44', '2024-04-05 05:55:44'),
(131, 'Ahmed Yessine', 'Khalfa', '22302245', '02342735', 'khalfa.yassine@gmail.com', 0, NULL, NULL, '2024-04-05 05:59:26', '2024-04-05 05:59:26'),
(132, 'Feten', 'Belegha', '52 926 090', '00593827', NULL, 0, NULL, NULL, '2024-04-05 06:00:23', '2024-04-05 06:00:23'),
(133, 'Mounira', 'Barguewi', '98 625 156', '04378696', NULL, 0, NULL, NULL, '2024-04-05 06:01:44', '2024-04-05 06:01:44'),
(134, 'Fares', 'Ouerteni', '29 498 790 - 56 712 644', '07153844', 'Fares.Ouertani@zitounatakaful.com imen.maazouz@amenbank.com.tn', 0, NULL, 'Imen Maazouz CIN 04749613', '2024-04-05 06:04:09', '2024-04-05 06:09:03'),
(135, 'Louay', 'Abbes', '58 429 709', '04811703', 'abbeslouey5@gmail.com  ag_place14jan_3@bt.com.tn', 0, NULL, NULL, '2024-04-05 06:06:38', '2024-04-05 06:06:38'),
(136, 'Karim', 'Abed', '29 655 212', '07143149', NULL, 0, NULL, NULL, '2024-04-05 06:10:53', '2024-04-05 06:10:53'),
(137, 'Mohamed', 'Dridi', '98 729 447', '08013886', 'hammadridi40@gmail.com', 0, NULL, NULL, '2024-04-05 06:12:43', '2024-04-05 06:12:43'),
(138, 'Imen', 'Weli', '27 249 488', '05467142', 'wafaihec@gmail.com', 0, NULL, NULL, '2024-04-05 06:16:52', '2024-04-05 06:16:52'),
(139, 'Nour El Houda', 'Chaabeni', '22 454 470 - 29 929 075', '08746354', 'chaabaninour@yahoo.fr - nour.chaabani@stb.com.tn', 0, NULL, NULL, '2024-04-05 06:20:31', '2024-04-05 06:26:40'),
(140, 'Tawes', 'Chihi', '98 354 717', '02366754', NULL, 0, NULL, 'Maitre Sofien Chaabeni (Procuration)', '2024-04-05 06:25:14', '2024-04-05 06:25:14'),
(141, 'Sahar', 'Hajjem', '22 448 855', '06437976', 'appro.ortofresh@gmail.com', 0, NULL, NULL, '2024-04-05 06:27:53', '2024-04-05 06:27:53'),
(142, 'Wahid', 'Fatnasi', '52594328', NULL, NULL, 0, NULL, NULL, '2024-04-05 06:40:35', '2024-04-05 06:42:15'),
(143, 'Mariem', 'Romdhane', '24 562 618', '04724205', 'romdhanemariembh@gmail.com', 0, NULL, NULL, '2024-04-05 06:44:22', '2024-04-05 06:44:22'),
(144, 'Fathi', 'Zaatour', '95 586 786 - 50 434 342', '01670892', NULL, 0, NULL, NULL, '2024-04-05 06:51:54', '2024-04-05 06:51:54'),
(145, 'Wissem', 'Rezgui', '98 238 834', '07178640', 'rezguimohamed6@gmail.com', 0, NULL, NULL, '2024-04-05 06:54:13', '2024-04-05 06:54:13'),
(147, 'Ghazi', 'Radwani', '56 020 828', '04803873', 'ghazi_radwani@hotmail.com', 0, NULL, 'Nadia Znaidi CIN 07186473', '2024-04-05 06:57:07', '2024-04-05 06:57:07'),
(148, 'Walid', 'Baaziz', '20 316 170', '05750268', 'Rym.Hamrouni@atb.com.tn - rim.hamrouni30081982@gmail.com', 0, NULL, 'Rim Hamrouni CIN 08609415', '2024-04-05 07:00:33', '2024-04-05 07:01:47'),
(149, 'Mohamed Hachmi', 'Ben Ali', '+33 686 254 974', '00015378', NULL, 0, NULL, 'Sonia Gargouri CIN 00333096', '2024-04-05 07:08:00', '2024-04-05 07:08:00'),
(150, 'Wajdi', 'Ouelhazi', '50 944 050 – 24 506 226', '04807867', 'wajdi.ouelhazi@banquezitouna.com', 0, NULL, NULL, '2024-04-05 07:09:50', '2024-04-05 07:09:50'),
(151, 'Sami', 'Khelifi', '97 969 626', '04703573', NULL, 0, NULL, NULL, '2024-04-05 07:10:36', '2024-05-02 06:32:17'),
(152, 'Najmedddine', 'Ziadi', '52 766 506', '07025067', NULL, 0, NULL, NULL, '2024-04-05 07:13:48', '2024-04-05 07:13:48'),
(154, 'Aymen', 'Mejdi', '98 138 143', '06144345', NULL, 0, NULL, 'Nedia Bouzid CIN 07115634', '2024-04-05 07:16:06', '2024-04-05 07:16:06'),
(155, 'Warda', 'Abidi', '53 341 480 - 33 621 38 91 09', '05043557', NULL, 0, NULL, NULL, '2024-04-05 07:19:37', '2024-04-05 07:19:37'),
(156, 'Amine', 'Sagaama', '33624169072 - 24 079 978', '09607761', 'amine.sagaama@gmail.com', 0, NULL, NULL, '2024-04-05 07:23:08', '2024-04-05 07:23:08'),
(157, 'Ghassen', 'Marhoul', '55 884 420', '09805667', 'marhoulghassen@gmail.com', 0, NULL, NULL, '2024-04-05 07:24:53', '2024-04-05 07:24:53'),
(158, 'Saida', 'Ben Jrad', '22 968 883', '00462350', NULL, 0, NULL, NULL, '2024-04-05 07:25:33', '2024-04-05 07:25:33'),
(159, 'Marwen', 'Ben Naser', '27 601 666', '07077438', 'marwen.bennasr@banquezitouna.com', 0, NULL, NULL, '2024-04-05 07:26:37', '2024-04-05 07:26:37');

-- --------------------------------------------------------

--
-- Table structure for table `crm_depenses`
--

CREATE TABLE `crm_depenses` (
  `id` bigint(20) UNSIGNED NOT NULL,
  `libelle` varchar(255) COLLATE utf8mb4_unicode_ci NOT NULL,
  `date` varchar(255) COLLATE utf8mb4_unicode_ci NOT NULL,
  `amount` double(8,3) DEFAULT NULL,
  `residence_id` bigint(20) UNSIGNED NOT NULL,
  `created_at` timestamp NULL DEFAULT NULL,
  `updated_at` timestamp NULL DEFAULT NULL
) ENGINE=InnoDB DEFAULT CHARSET=utf8mb4 COLLATE=utf8mb4_unicode_ci;

--
-- Dumping data for table `crm_depenses`
--

INSERT INTO `crm_depenses` (`id`, `libelle`, `date`, `amount`, `residence_id`, `created_at`, `updated_at`) VALUES
(2, 'STEG', '2024-03', 600.530, 2, '2024-04-21 19:40:10', '2024-04-21 19:40:10'),
(3, 'SONEDE', '2024-04', 409.000, 2, '2024-04-21 19:40:46', '2024-04-21 19:40:46'),
(4, 'SONEDE', '2023-01', 700.000, 2, '2024-04-22 00:08:53', '2024-04-22 00:09:03'),
(5, 'Détergent', '2024-03', 168.000, 2, '2024-04-22 07:39:52', '2024-04-22 07:39:52'),
(8, 'STEG', '2023-12', 300.000, 2, '2024-04-22 22:11:03', '2024-04-22 22:11:15'),
(9, 'SALAIRES', '2024-05', 10000.000, 2, '2024-04-23 11:38:43', '2024-04-23 11:38:43');

-- --------------------------------------------------------

--
-- Table structure for table `crm_echances`
--

CREATE TABLE `crm_echances` (
  `id` bigint(20) UNSIGNED NOT NULL,
  `appart_id` bigint(20) UNSIGNED DEFAULT NULL,
  `client_id` bigint(20) UNSIGNED DEFAULT NULL,
  `date` date DEFAULT NULL,
  `price` double(10,2) DEFAULT NULL,
  `date_avance` date DEFAULT NULL,
  `amount_avance` double(10,2) DEFAULT NULL,
  `modalite` varchar(255) DEFAULT NULL,
  `preuve_avance` varchar(255) CHARACTER SET utf8mb4 COLLATE utf8mb4_unicode_ci DEFAULT NULL,
  `promesse` varchar(255) CHARACTER SET utf8mb4 COLLATE utf8mb4_unicode_ci DEFAULT NULL,
  `date_promesse_livre` date DEFAULT NULL,
  `date_promesse_legal` date DEFAULT NULL,
  `contrat` varchar(255) CHARACTER SET utf8mb4 COLLATE utf8mb4_unicode_ci DEFAULT NULL,
  `date_contrat_livre` date DEFAULT NULL,
  `date_contrat_enregistre` date DEFAULT NULL,
  `acte` varchar(255) DEFAULT NULL,
  `date_acte_livre` date DEFAULT NULL,
  `date_acte_enreg` date DEFAULT NULL,
  `created_at` timestamp NULL DEFAULT NULL,
  `updated_at` timestamp NULL DEFAULT NULL
) ENGINE=InnoDB DEFAULT CHARSET=latin1;

--
-- Dumping data for table `crm_echances`
--

INSERT INTO `crm_echances` (`id`, `appart_id`, `client_id`, `date`, `price`, `date_avance`, `amount_avance`, `modalite`, `preuve_avance`, `promesse`, `date_promesse_livre`, `date_promesse_legal`, `contrat`, `date_contrat_livre`, `date_contrat_enregistre`, `acte`, `date_acte_livre`, `date_acte_enreg`, `created_at`, `updated_at`) VALUES
(2, 56, 3, NULL, 154000.00, '2019-07-16', 50000.00, NULL, NULL, '467511493.pdf', NULL, NULL, '1554786358.pdf', NULL, NULL, NULL, NULL, NULL, NULL, NULL),
(3, 42, 69, NULL, 230000.00, '2019-05-31', 83000.00, NULL, NULL, '205327147.pdf', NULL, NULL, '485714395.pdf', NULL, NULL, NULL, NULL, NULL, NULL, NULL),
(10, 93, 31, NULL, 182000.00, '2020-06-29', 20000.00, NULL, NULL, '653185308.pdf', NULL, NULL, '417421070.pdf', NULL, NULL, NULL, NULL, NULL, NULL, NULL),
(11, 62, 9, NULL, 190000.00, '2020-02-03', 24000.00, NULL, NULL, '1497407951.pdf', NULL, NULL, '1829938698.pdf', NULL, NULL, NULL, NULL, NULL, NULL, NULL),
(12, 94, 32, NULL, 165000.00, '2020-06-24', 33000.00, NULL, NULL, '267630899.pdf', NULL, NULL, '415957538.pdf', NULL, NULL, NULL, NULL, NULL, NULL, NULL),
(19, 67, 13, NULL, 150000.00, '2019-02-28', 25000.00, NULL, NULL, '723334552.', NULL, NULL, '3385877.pdf', NULL, NULL, NULL, NULL, NULL, NULL, NULL),
(23, 68, 14, NULL, 173000.00, '2019-02-13', 20000.00, NULL, NULL, '859715935.pdf', NULL, NULL, '1019999660.pdf', NULL, NULL, NULL, NULL, NULL, NULL, NULL),
(38, 78, 21, NULL, 255000.00, '2023-12-23', 10000.00, NULL, NULL, '218817688.', NULL, NULL, '565300063.pdf', NULL, NULL, NULL, NULL, NULL, NULL, NULL),
(41, 113, 56, NULL, 700000.00, '2020-08-08', 355000.00, NULL, NULL, '479744115.', NULL, NULL, '682851260.pdf', NULL, NULL, NULL, NULL, NULL, NULL, NULL),
(43, 113, 96, NULL, 700000.00, '2020-08-08', 355000.00, NULL, NULL, '479744115.', NULL, NULL, '682851260.pdf', NULL, NULL, NULL, NULL, NULL, NULL, NULL),
(50, 108, 39, NULL, 270000.00, '2021-01-04', 270000.00, NULL, NULL, '811771304.', NULL, NULL, '387678233.pdf', NULL, NULL, NULL, NULL, NULL, NULL, NULL),
(51, 111, 44, NULL, 157000.00, '2020-06-23', 10000.00, NULL, NULL, '470635745.', NULL, NULL, '87422688.pdf', NULL, NULL, NULL, NULL, NULL, NULL, NULL),
(53, 41, 46, NULL, 385000.00, '2017-12-21', 70000.00, NULL, NULL, '1258111595.pdf', NULL, NULL, '483873595.pdf', NULL, NULL, NULL, NULL, NULL, NULL, NULL),
(54, 115, 47, NULL, 700000.00, '2019-09-20', 100000.00, NULL, NULL, '1683575373.pdf', NULL, NULL, '886442321.pdf', NULL, NULL, NULL, NULL, NULL, NULL, NULL),
(55, 43, 48, NULL, 557000.00, '2019-03-28', 50000.00, NULL, NULL, '104484058.pdf', NULL, NULL, '1393261706.pdf', NULL, NULL, NULL, NULL, NULL, NULL, NULL),
(56, 44, 49, NULL, 575000.00, '2020-06-24', 40000.00, NULL, NULL, '814517898.', NULL, NULL, '35430196.pdf', NULL, NULL, NULL, NULL, NULL, NULL, NULL),
(57, 45, 50, NULL, 630000.00, '2019-09-10', 262500.00, NULL, NULL, '1047475121.', NULL, NULL, '521513168.pdf', NULL, NULL, NULL, NULL, NULL, NULL, NULL),
(58, 47, 52, NULL, 500000.00, '2017-12-19', 50000.00, NULL, NULL, '965218190.', NULL, NULL, '1179824070.pdf', NULL, NULL, NULL, NULL, NULL, NULL, NULL),
(59, 48, 53, NULL, 415350.00, '2018-04-04', 10000.00, NULL, NULL, '86218068.', NULL, NULL, '597983204.pdf', NULL, NULL, NULL, NULL, NULL, NULL, NULL),
(60, 46, 51, NULL, 394000.00, '2016-08-17', 45000.00, NULL, NULL, '999056363.', NULL, NULL, '577528915.pdf', NULL, NULL, NULL, NULL, NULL, NULL, NULL),
(61, 49, 54, NULL, 400000.00, '2016-10-13', 50000.00, NULL, NULL, '1052945906.', NULL, NULL, '1704344672.pdf', NULL, NULL, NULL, NULL, NULL, NULL, NULL),
(62, 50, 54, NULL, 400000.00, '2017-07-20', 50000.00, NULL, NULL, '653527448.', NULL, NULL, '1915547043.pdf', NULL, NULL, NULL, NULL, NULL, NULL, NULL),
(63, 116, 54, NULL, 400000.00, '2016-10-13', 50000.00, NULL, NULL, '1257469581.', NULL, NULL, '2108848059.pdf', NULL, NULL, NULL, NULL, NULL, NULL, NULL),
(65, 51, 57, NULL, 550000.00, '2019-09-02', 10000.00, NULL, NULL, '1038891855.', NULL, NULL, '566575055.pdf', NULL, NULL, NULL, NULL, NULL, NULL, NULL),
(66, 117, 55, NULL, 490000.00, '2018-12-01', 125000.00, NULL, NULL, '2136130890.', NULL, NULL, '1694292358.pdf', NULL, NULL, NULL, NULL, NULL, NULL, NULL),
(67, 52, 58, NULL, 200000.00, '2020-06-05', 60000.00, NULL, NULL, '314506530.', NULL, NULL, '1484786488.pdf', NULL, NULL, NULL, NULL, NULL, NULL, NULL),
(68, 53, 59, NULL, 363000.00, '2017-12-29', 73000.00, NULL, NULL, '1925768879.', NULL, NULL, '675830279.pdf', NULL, NULL, NULL, NULL, NULL, NULL, NULL),
(69, 54, 59, NULL, 194000.00, '2019-10-20', 39000.00, NULL, NULL, '122419560.', NULL, NULL, '522643689.pdf', NULL, NULL, NULL, NULL, NULL, NULL, NULL),
(70, 118, 61, NULL, 270000.00, '2021-06-28', 175000.00, NULL, NULL, '2142367347.', NULL, NULL, NULL, NULL, NULL, NULL, NULL, NULL, NULL, NULL),
(71, 119, 62, NULL, 150000.00, '2022-06-30', 150000.00, NULL, NULL, '9261635.', NULL, NULL, NULL, NULL, NULL, NULL, NULL, NULL, NULL, NULL),
(73, 121, 2, NULL, 273000.00, '2021-04-16', 30000.00, NULL, NULL, '455113665.', NULL, NULL, NULL, NULL, NULL, NULL, NULL, NULL, NULL, NULL),
(74, 90, 70, NULL, 285000.00, '2021-08-04', 198500.00, NULL, NULL, '1302088568.', NULL, NULL, '681173371.pdf', NULL, NULL, NULL, NULL, NULL, NULL, NULL),
(76, 122, 71, NULL, 170000.00, '2021-01-26', 5000.00, NULL, NULL, '473644428.pdf', NULL, NULL, '1835626691.pdf', NULL, NULL, NULL, NULL, NULL, NULL, NULL),
(77, 59, 72, NULL, 179000.00, '2019-07-30', 50000.00, NULL, NULL, '32825881.pdf', NULL, NULL, '1552808511.pdf', NULL, NULL, NULL, NULL, NULL, NULL, NULL),
(78, 61, 73, NULL, 220000.00, '2019-08-15', 50000.00, NULL, NULL, '1990374693.pdf', NULL, NULL, '1445029819.pdf', NULL, NULL, NULL, NULL, NULL, NULL, NULL),
(79, 91, 74, NULL, 300000.00, '2021-06-11', 60000.00, NULL, NULL, '395735275.', NULL, NULL, '11612782.pdf', NULL, NULL, NULL, NULL, NULL, NULL, NULL),
(80, 92, 75, NULL, 268000.00, '2020-09-22', 20000.00, NULL, NULL, '2088471479.pdf', NULL, NULL, '1955670139.pdf', NULL, NULL, NULL, NULL, NULL, NULL, NULL),
(81, 89, 60, NULL, 370000.00, '2021-12-13', 370000.00, NULL, NULL, '872145595.', NULL, NULL, NULL, NULL, NULL, NULL, NULL, NULL, NULL, NULL),
(82, 60, 8, NULL, 150000.00, '2019-07-18', 45000.00, NULL, NULL, '2029930650.pdf', NULL, NULL, '2079678458.pdf', NULL, NULL, NULL, NULL, NULL, NULL, NULL),
(83, 64, 19, NULL, 245000.00, '2021-06-10', 100000.00, NULL, NULL, '1141881245.', NULL, NULL, '118113300.pdf', NULL, NULL, NULL, NULL, NULL, NULL, NULL),
(84, 72, 19, NULL, 190000.00, '2021-12-16', 190000.00, NULL, NULL, '1178298793.', NULL, NULL, '883957101.pdf', NULL, NULL, NULL, NULL, NULL, NULL, NULL),
(85, 65, 11, NULL, 300000.00, '2019-10-01', 40000.00, NULL, NULL, '1156600313.', NULL, NULL, '1751716781.pdf', NULL, NULL, NULL, NULL, NULL, NULL, NULL),
(86, 95, 41, NULL, 265000.00, '2020-08-28', 100000.00, NULL, NULL, '1198708968.', NULL, NULL, '2097896919.pdf', NULL, NULL, NULL, NULL, NULL, NULL, NULL),
(87, 96, 33, NULL, 168000.00, '2020-08-07', 70000.00, NULL, NULL, '738056878.', NULL, NULL, '651086251.pdf', NULL, NULL, NULL, NULL, NULL, NULL, NULL),
(88, 97, 34, NULL, 200000.00, '2020-09-22', 150000.00, NULL, NULL, '178372045.', NULL, NULL, '708127800.pdf', NULL, NULL, NULL, NULL, NULL, NULL, NULL),
(89, 66, 12, NULL, 165000.00, '2020-05-11', 40000.00, NULL, NULL, '399935387.', NULL, NULL, '1034641124.pdf', NULL, NULL, NULL, NULL, NULL, NULL, NULL),
(90, 98, 35, NULL, 289000.00, '2020-06-15', 89000.00, NULL, NULL, '240975010.', NULL, NULL, '1578927080.pdf', NULL, NULL, NULL, NULL, NULL, NULL, NULL),
(91, 99, 82, NULL, 277000.00, '2021-02-19', 20000.00, NULL, NULL, '895243692.', NULL, NULL, '1946399637.pdf', NULL, NULL, NULL, NULL, NULL, NULL, NULL),
(92, 100, 40, NULL, 170000.00, '2020-06-29', 100000.00, NULL, NULL, '1648294417.', NULL, NULL, NULL, NULL, NULL, NULL, NULL, NULL, NULL, NULL),
(93, 69, 15, NULL, 160000.00, '2020-03-03', 20000.00, NULL, NULL, '2028116652.pdf', NULL, NULL, '1686449846.pdf', NULL, NULL, NULL, NULL, NULL, NULL, NULL),
(94, 101, 42, NULL, 160000.00, '2020-10-08', 79903.40, NULL, NULL, '984086783.pdf', NULL, NULL, '1359210123.pdf', NULL, NULL, NULL, NULL, NULL, NULL, NULL),
(96, 55, 1, '2024-01-09', 210000.00, '2019-05-29', 50000.00, NULL, NULL, '1236155599.', NULL, NULL, NULL, NULL, NULL, NULL, NULL, NULL, NULL, '2024-01-10 14:10:40'),
(98, 71, 16, '2018-09-18', 243000.00, '2018-11-23', 15000.00, NULL, NULL, '884935011.', NULL, NULL, NULL, NULL, NULL, NULL, NULL, NULL, NULL, '2024-01-05 09:58:28'),
(99, 73, 85, NULL, 210000.00, '2019-03-11', 60000.00, NULL, NULL, '1265572388.', NULL, NULL, '928547219.pdf', NULL, NULL, NULL, NULL, NULL, NULL, NULL),
(100, 103, 37, NULL, 180000.00, '2021-01-04', 180000.00, NULL, NULL, '1143506599.', NULL, NULL, '594417905.pdf', NULL, NULL, NULL, NULL, NULL, NULL, NULL),
(101, 127, 86, NULL, 150000.00, '2018-11-13', 5000.00, NULL, NULL, '121178701.', NULL, NULL, '951318448.pdf', NULL, NULL, NULL, NULL, NULL, NULL, NULL),
(102, 105, 87, NULL, 160000.00, '2021-03-22', 160000.00, NULL, NULL, '631763354.', NULL, NULL, '1670201357.pdf', NULL, NULL, NULL, NULL, NULL, NULL, NULL),
(103, 74, 17, NULL, 250000.00, '2020-08-05', 150000.00, NULL, NULL, '1499436716.', NULL, NULL, '1080518341.pdf', NULL, NULL, NULL, NULL, NULL, NULL, NULL),
(104, 104, 88, NULL, 228000.00, '2020-09-09', 20000.00, NULL, NULL, '148169659.', NULL, NULL, '2015214878.pdf', NULL, NULL, NULL, NULL, NULL, NULL, NULL),
(105, 109, 38, NULL, 230000.00, '2020-08-26', 100000.00, NULL, NULL, '1936519237.pdf', NULL, NULL, '31021463.pdf', NULL, NULL, NULL, NULL, NULL, NULL, NULL),
(107, 112, 45, '2024-01-09', 155000.00, '2020-07-10', 30000.00, NULL, NULL, '2098971561.', NULL, NULL, '1085684421.pdf', NULL, NULL, NULL, NULL, NULL, NULL, '2024-01-10 14:20:51'),
(108, 76, 89, NULL, 150000.00, '2018-09-03', 5000.00, NULL, NULL, '1149654683.', NULL, NULL, '1325145340.pdf', NULL, NULL, NULL, NULL, NULL, NULL, NULL),
(109, 77, 89, NULL, 270000.00, '2018-09-03', 5000.00, NULL, NULL, '1396072777.', NULL, NULL, '352781635.pdf', NULL, NULL, NULL, NULL, NULL, NULL, NULL),
(111, 80, 24, NULL, 150000.00, '2020-01-07', 20000.00, NULL, NULL, '1273352137.', NULL, NULL, '497389892.pdf', NULL, NULL, NULL, NULL, NULL, NULL, NULL),
(112, 81, 20, NULL, 150000.00, '2018-09-03', 5000.00, NULL, NULL, '772973249.', NULL, NULL, '1727300126.pdf', NULL, NULL, NULL, NULL, NULL, NULL, NULL),
(113, 82, 20, NULL, 270000.00, '2018-09-03', 5000.00, NULL, NULL, '139041464.', NULL, NULL, '668957618.pdf', NULL, NULL, NULL, NULL, NULL, NULL, NULL),
(114, 83, 25, NULL, 200000.00, '2019-05-13', 35000.00, NULL, NULL, '1660488343.', NULL, NULL, '1994859033.pdf', NULL, NULL, NULL, NULL, NULL, NULL, NULL),
(115, 110, 26, NULL, 175000.00, '2020-11-13', 5000.00, NULL, NULL, '1444364094.', NULL, NULL, '1872289956.pdf', NULL, NULL, NULL, NULL, NULL, NULL, NULL),
(116, 84, 43, NULL, 180000.00, '2022-08-11', 100000.00, NULL, NULL, '1188279442.', NULL, NULL, '476580264.pdf', NULL, NULL, NULL, NULL, NULL, NULL, NULL),
(117, 85, 27, NULL, 160000.00, '2019-03-12', 2000.00, NULL, NULL, '1622338763.', NULL, NULL, '1679267479.pdf', NULL, NULL, NULL, NULL, NULL, NULL, NULL),
(118, 86, 28, NULL, 146000.00, '2019-11-13', 20000.00, NULL, NULL, '1109584453.', NULL, NULL, '501425201.', NULL, NULL, NULL, NULL, NULL, NULL, NULL),
(119, 106, 90, NULL, 270000.00, '2021-06-28', 50000.00, NULL, NULL, '1876113294.', NULL, NULL, '721469784.pdf', NULL, NULL, NULL, NULL, NULL, NULL, NULL),
(120, 87, 29, NULL, 245000.00, '2019-09-25', 20000.00, NULL, NULL, '2086872532.', NULL, NULL, '1734257499.pdf', NULL, NULL, NULL, NULL, NULL, NULL, NULL),
(121, 107, 91, NULL, 490000.00, '2021-04-14', 161794.30, NULL, NULL, '1056403690.', NULL, NULL, '1079472162.pdf', NULL, NULL, NULL, NULL, NULL, NULL, NULL),
(123, 63, 22, NULL, 200000.00, '2019-08-21', 94767.30, NULL, NULL, '1689705469.', NULL, NULL, '312865883.pdf', NULL, NULL, NULL, NULL, NULL, NULL, NULL),
(124, 58, 6, NULL, 188000.00, '2019-07-23', 20000.00, NULL, NULL, '864824696.pdf', NULL, NULL, '1211019647.pdf', NULL, NULL, NULL, NULL, NULL, NULL, NULL),
(125, 75, 18, NULL, 175000.00, '2019-08-07', 10000.00, NULL, NULL, '580127339.pdf', NULL, NULL, '1520619584.pdf', NULL, NULL, NULL, NULL, NULL, NULL, NULL),
(126, 124, 4, NULL, 270000.00, '2023-02-24', 50000.00, NULL, NULL, '1321406171.', NULL, NULL, '1409370064.pdf', NULL, NULL, NULL, NULL, NULL, NULL, NULL),
(127, 130, 7, NULL, 495000.00, '2023-03-01', 35000.00, NULL, NULL, '230501487.pdf', NULL, NULL, '1218393175.', NULL, NULL, NULL, NULL, NULL, NULL, NULL),
(128, 131, 94, NULL, 240000.00, '2021-05-28', 75000.00, NULL, NULL, '1879331332.', NULL, NULL, '1834838988.', NULL, NULL, NULL, NULL, NULL, NULL, NULL),
(129, 135, 97, NULL, 642500.00, '2022-05-10', 112500.00, NULL, NULL, '1758416346.', NULL, NULL, '827015072.', NULL, NULL, NULL, NULL, NULL, NULL, NULL),
(130, 137, 98, NULL, 235000.00, '2020-12-28', 40000.00, NULL, NULL, '549969823.', NULL, NULL, '1091489717.', NULL, NULL, NULL, NULL, NULL, NULL, NULL),
(131, 138, 99, NULL, 570000.00, '2022-06-08', 300000.00, NULL, NULL, '1224413167.', NULL, NULL, '1754085749.', NULL, NULL, NULL, NULL, NULL, NULL, NULL),
(132, 141, 100, NULL, 650000.00, '2023-02-22', 30000.00, NULL, NULL, '1402849602.', NULL, NULL, '1097471292.', NULL, NULL, NULL, NULL, NULL, NULL, NULL),
(133, 142, 101, NULL, 490000.00, '2022-07-15', 260000.00, NULL, NULL, '138763184.', NULL, NULL, '1698763659.', NULL, NULL, NULL, NULL, NULL, NULL, NULL),
(134, 151, 105, NULL, 620000.00, '2023-03-27', 620000.00, NULL, NULL, '1484069077.', NULL, NULL, '1739981920.', NULL, NULL, NULL, NULL, NULL, NULL, NULL),
(136, 159, 107, NULL, 625000.00, '2023-03-22', 625000.00, NULL, NULL, '2066048098.', NULL, NULL, '590149457.', NULL, NULL, NULL, NULL, NULL, NULL, NULL),
(137, 161, 109, NULL, 440000.00, '2020-11-26', 20000.00, NULL, NULL, '533027185.', NULL, NULL, '1510203947.', NULL, NULL, NULL, NULL, NULL, NULL, NULL),
(138, 149, 110, NULL, 315000.00, '2022-04-21', 150000.00, NULL, NULL, '1118608801.', NULL, NULL, '8848938.', NULL, NULL, NULL, NULL, NULL, NULL, NULL),
(139, 162, 111, NULL, 340000.00, '2022-08-19', 270000.00, NULL, NULL, '2004991041.', NULL, NULL, '1972122396.', NULL, NULL, NULL, NULL, NULL, NULL, NULL),
(141, 160, 108, NULL, 495000.00, '2021-01-22', 10000.00, NULL, NULL, '19877237.', NULL, NULL, '1910453714.', NULL, NULL, NULL, NULL, NULL, NULL, NULL),
(142, 155, 116, NULL, 575000.00, '2023-05-18', 350000.00, NULL, NULL, '1069133506.', NULL, NULL, '2081445864.', NULL, NULL, NULL, NULL, NULL, NULL, NULL),
(144, 143, 114, NULL, 190000.00, '2020-12-07', 20000.00, NULL, NULL, '737755776.', NULL, NULL, '614222188.', NULL, NULL, NULL, NULL, NULL, NULL, NULL),
(145, 144, 102, NULL, 480000.00, '2022-10-10', 380000.00, NULL, NULL, '537031134.', NULL, NULL, '1747374069.', NULL, NULL, NULL, NULL, NULL, NULL, NULL),
(146, 150, 104, NULL, 630000.00, '2022-10-19', 60000.00, NULL, NULL, '1573052811.', NULL, NULL, '956832780.', NULL, NULL, NULL, NULL, NULL, NULL, NULL),
(147, 163, 112, NULL, 351500.00, '2022-03-09', 100000.00, NULL, NULL, '652118934.', NULL, NULL, '1199095859.', NULL, NULL, NULL, NULL, NULL, NULL, NULL),
(148, 164, 112, NULL, 260000.00, '2021-12-10', 100000.00, NULL, NULL, '2052448560.', NULL, NULL, '516681972.', NULL, NULL, NULL, NULL, NULL, NULL, NULL),
(149, 165, 112, NULL, 255000.00, '2022-01-18', 100000.00, NULL, NULL, '1293039715.', NULL, NULL, '1505252963.', NULL, NULL, NULL, NULL, NULL, NULL, NULL),
(150, 166, 112, NULL, 265000.00, '2022-03-04', 100000.00, NULL, NULL, '1717230989.', NULL, NULL, '498264471.', NULL, NULL, NULL, NULL, NULL, NULL, NULL),
(151, 139, 115, NULL, 570000.00, '0023-06-01', 570000.00, NULL, NULL, '193305323.', NULL, NULL, '1374652688.', NULL, NULL, NULL, NULL, NULL, NULL, NULL),
(155, 125, 119, NULL, 300000.00, '2023-08-01', 60000.00, NULL, NULL, '84485626.', NULL, NULL, '1466808458.', NULL, NULL, NULL, NULL, NULL, NULL, NULL),
(156, 136, 118, NULL, 611146.50, '2023-06-21', 70000.00, NULL, NULL, '1817454421.', NULL, NULL, '1316730531.', NULL, NULL, NULL, NULL, NULL, NULL, NULL),
(157, 152, 121, NULL, 490000.00, '2023-05-26', 50000.00, NULL, NULL, '1890892231.', NULL, NULL, '1057635566.', NULL, NULL, NULL, NULL, NULL, NULL, NULL),
(159, 154, 122, NULL, 650000.00, '2023-08-25', 500000.00, NULL, NULL, '788958887.', NULL, NULL, '2115907307.', NULL, NULL, NULL, NULL, NULL, NULL, NULL),
(160, 146, 123, NULL, 495000.00, '2023-08-10', 100000.00, NULL, NULL, '2146267011.', NULL, NULL, '1736946222.', NULL, NULL, NULL, NULL, NULL, NULL, NULL),
(161, 123, 124, NULL, 400000.00, '2023-06-16', 100000.00, NULL, NULL, '1552176416.', NULL, NULL, '1152626093.', NULL, NULL, NULL, NULL, NULL, NULL, NULL),
(162, 140, 125, NULL, 485000.00, '2023-10-03', 284000.00, NULL, NULL, '1565965154.', NULL, NULL, '1952020454.', NULL, NULL, NULL, NULL, NULL, NULL, NULL),
(163, 132, 95, NULL, 255000.00, '2021-01-06', 55000.00, NULL, NULL, '1627220294.', NULL, NULL, '397301222.', NULL, NULL, NULL, NULL, NULL, NULL, NULL),
(164, 147, 117, NULL, 530000.00, '2023-06-12', 10000.00, NULL, NULL, '1831883083.', NULL, NULL, '1606368881.', NULL, NULL, NULL, NULL, NULL, NULL, NULL),
(165, 148, 120, NULL, 487000.00, '2023-08-11', 200000.00, NULL, NULL, '97973857.', NULL, NULL, '1235219235.', NULL, NULL, NULL, NULL, NULL, NULL, NULL),
(166, 158, 106, NULL, 460000.00, '2022-01-20', 50000.00, NULL, NULL, '891627096.', NULL, NULL, '1614566068.', NULL, NULL, NULL, NULL, NULL, NULL, NULL),
(167, 70, 84, NULL, 160000.00, '2020-01-07', 20000.00, NULL, NULL, NULL, NULL, NULL, NULL, NULL, NULL, NULL, NULL, NULL, '2024-01-29 20:45:55', '2024-01-29 20:45:55'),
(168, 79, 23, NULL, 177000.00, NULL, 177000.00, NULL, NULL, NULL, NULL, NULL, NULL, NULL, NULL, NULL, NULL, NULL, '2024-01-29 20:52:45', '2024-01-29 20:52:45'),
(169, 88, 92, NULL, 370000.00, NULL, 100000.00, NULL, NULL, NULL, NULL, NULL, NULL, NULL, NULL, NULL, NULL, NULL, '2024-01-29 20:54:39', '2024-01-29 20:54:39'),
(170, 120, 67, NULL, 440000.00, NULL, 132000.00, NULL, NULL, NULL, NULL, NULL, NULL, NULL, NULL, NULL, NULL, NULL, '2024-01-29 20:59:57', '2024-01-29 20:59:57'),
(171, 57, 5, NULL, 250000.00, NULL, 125000.00, NULL, NULL, NULL, NULL, NULL, NULL, NULL, NULL, NULL, NULL, NULL, '2024-01-29 21:01:37', '2024-01-29 21:01:37'),
(172, 133, 96, NULL, 485000.00, '2023-01-27', 85000.00, NULL, NULL, NULL, NULL, NULL, NULL, NULL, NULL, NULL, NULL, NULL, '2024-03-27 09:19:29', '2024-03-27 09:19:29'),
(173, 145, 126, NULL, 600000.00, '2024-01-03', 544000.00, NULL, NULL, NULL, NULL, NULL, NULL, NULL, NULL, NULL, NULL, NULL, '2024-03-27 09:23:56', '2024-03-27 09:23:56'),
(174, 153, 128, NULL, 720000.00, NULL, 0.00, NULL, NULL, NULL, NULL, NULL, NULL, NULL, NULL, NULL, NULL, NULL, '2024-03-27 09:25:57', '2024-03-27 09:25:57'),
(175, 156, 129, NULL, 730000.00, '2024-02-22', 10000.00, NULL, NULL, NULL, NULL, NULL, NULL, NULL, NULL, NULL, NULL, NULL, '2024-03-27 09:38:34', '2024-03-27 09:38:34'),
(176, 167, 127, NULL, 143000.00, '2023-08-15', 100000.00, NULL, NULL, NULL, '2023-08-11', '2023-08-15', NULL, '2024-03-18', NULL, NULL, NULL, NULL, '2024-05-02 06:36:57', '2024-05-02 06:36:57'),
(177, 168, 130, NULL, 400000.00, '2024-02-02', 10000.00, NULL, NULL, NULL, NULL, NULL, NULL, '2024-04-03', '2024-04-03', NULL, NULL, NULL, '2024-05-03 06:17:55', '2024-05-03 06:17:55');

-- --------------------------------------------------------

--
-- Table structure for table `crm_echeances`
--

CREATE TABLE `crm_echeances` (
  `id` bigint(20) UNSIGNED NOT NULL,
  `echance_id` bigint(20) UNSIGNED DEFAULT NULL,
  `date` date DEFAULT NULL,
  `montant` double(8,2) DEFAULT NULL,
  `payed` tinyint(1) DEFAULT NULL,
  `modalite` varchar(255) CHARACTER SET utf8mb4 COLLATE utf8mb4_unicode_ci DEFAULT NULL,
  `created_at` timestamp NULL DEFAULT NULL,
  `updated_at` timestamp NULL DEFAULT NULL
) ENGINE=InnoDB DEFAULT CHARSET=latin1;

--
-- Dumping data for table `crm_echeances`
--

INSERT INTO `crm_echeances` (`id`, `echance_id`, `date`, `montant`, `payed`, `modalite`, `created_at`, `updated_at`) VALUES
(1, 87, '2020-12-24', 98000.00, 1, 'Cheque', NULL, NULL),
(2, 86, '2020-11-26', 30000.00, 1, 'Virement', NULL, NULL),
(3, 86, '2021-05-27', 30000.00, 1, 'Virement', NULL, NULL),
(4, 86, '2021-06-30', 30000.00, 1, 'Virement', NULL, NULL),
(5, 86, '2021-10-01', 30000.00, 1, 'Virement', NULL, NULL),
(6, 86, '2021-12-13', 45000.00, 1, 'Cheque', NULL, NULL),
(7, 96, '2024-03-18', 20000.00, 0, 'Chèque', NULL, '2024-01-05 08:44:14'),
(8, 85, '2019-10-16', 30000.00, 1, 'Virement', NULL, NULL),
(9, 85, '2019-11-04', 50000.00, 1, 'Virement', NULL, NULL),
(10, 85, '2021-01-04', 120000.00, 1, 'Virement', NULL, NULL),
(11, 85, '2021-09-08', 60000.00, 1, 'Virement', NULL, NULL),
(12, 83, '2021-06-22', 145000.00, 1, 'Cheque', NULL, NULL),
(13, 96, '2021-03-18', 25000.00, 1, 'Chèque', NULL, '2024-01-05 08:36:50'),
(14, 12, '2020-12-28', 65000.00, 1, 'Virement', NULL, NULL),
(15, 12, '2020-07-29', 67000.00, 1, 'Virement', NULL, NULL),
(16, 11, '2020-06-19', 152000.00, 1, 'Credit', NULL, NULL),
(17, 11, '2020-03-03', 14000.00, 1, 'Cheque', NULL, NULL),
(18, 126, '2024-05-30', 50000.00, 0, 'Cheque', NULL, NULL),
(19, 10, '2020-12-12', 162000.00, 1, 'Virement', NULL, NULL),
(20, 80, '2021-02-10', 13600.00, 1, 'Virement', NULL, NULL),
(21, 80, '2020-10-26', 12000.00, 1, 'Virement', NULL, NULL),
(22, 78, '2019-12-31', 35000.00, 1, 'Virement', NULL, NULL),
(23, 78, '2020-07-03', 25000.00, 1, 'Virement', NULL, NULL),
(24, 78, '2021-01-04', 10000.00, 1, 'Virement', NULL, NULL),
(25, 124, '2019-08-07', 33000.00, 1, 'Virement', NULL, NULL),
(26, 76, '2021-02-24', 5000.00, 1, 'Versement', NULL, NULL),
(27, 76, '2021-07-15', 99000.00, 1, 'Virement', NULL, NULL),
(28, 3, '2021-05-03', 56000.00, 1, 'Credit', NULL, NULL),
(29, 3, '2020-08-07', 91000.00, 1, 'Virement', NULL, NULL),
(30, 2, '2021-01-05', 104000.00, 1, 'Virement', NULL, NULL),
(31, 79, '2021-06-11', 240000.00, 1, 'Credit', NULL, NULL),
(32, 77, '2021-12-21', 129000.00, 1, 'Cheque', NULL, NULL),
(33, 82, '2019-09-26', 25000.00, 1, 'Virement', NULL, NULL),
(34, 78, '2020-07-14', 100000.00, 1, 'Credit', NULL, NULL),
(35, 88, '2020-12-23', 50000.00, 1, 'Cheque', NULL, NULL),
(36, 19, '2020-12-10', 5000.00, 1, 'Virement', NULL, NULL),
(37, 19, '2022-04-04', 120000.00, 1, 'Credit', NULL, NULL),
(38, 96, '2025-03-31', 30000.00, 0, 'Chèque', NULL, '2024-01-05 08:39:00'),
(39, 91, '2021-02-19', 20000.00, 1, 'Cheque', NULL, NULL),
(40, 90, '2020-12-17', 200000.00, 1, 'Credit', NULL, NULL),
(41, 92, '2022-07-19', 40000.00, 1, 'Cheque', NULL, NULL),
(42, 92, '2021-07-19', 20000.00, 1, 'Cheque', NULL, NULL),
(43, 23, '2020-12-11', 34000.00, 1, 'Cheque', NULL, NULL),
(44, 23, '2021-02-04', 119000.00, 1, 'Credit', NULL, NULL),
(45, 93, '2021-01-11', 128000.00, 1, 'Credit', NULL, NULL),
(46, 93, '2021-01-11', 12000.00, 1, 'Cheque', NULL, NULL),
(47, 95, '2020-06-26', 114000.00, 1, 'Credit', NULL, NULL),
(48, 95, '2021-01-25', 26000.00, 1, 'Cheque', NULL, NULL),
(49, 97, '2020-12-30', 150000.00, 1, 'Credit', NULL, NULL),
(50, 97, '2020-12-25', 62000.00, 1, 'Virement', NULL, NULL),
(51, 97, '2020-07-20', 48000.00, 1, 'Virement', NULL, NULL),
(52, 101, '2019-04-08', 5000.00, 1, 'Virement', NULL, NULL),
(53, 104, '2021-03-11', 18000.00, 1, 'Virement', NULL, NULL),
(54, 104, '2021-01-28', 30000.00, 1, 'Virement', NULL, NULL),
(55, 104, '2021-01-21', 60000.00, 1, 'Virement', NULL, NULL),
(56, 105, '2021-02-04', 130000.00, 1, 'Cheque', NULL, NULL),
(57, 125, '2021-02-12', 33800.00, 1, 'Cheque', NULL, NULL),
(58, 108, '2019-08-01', 25000.00, 1, 'Virement', NULL, NULL),
(59, 109, '2019-08-01', 50000.00, 1, 'Virement', NULL, NULL),
(60, 38, '2019-09-16', 42500.00, 1, 'Virement', NULL, NULL),
(61, 38, '2020-10-09', 36000.00, 1, 'Virement', NULL, NULL),
(62, 38, '2021-02-03', 116500.00, 1, 'Virement', NULL, NULL),
(63, 38, '2021-02-11', 50000.00, 1, 'Virement', NULL, NULL),
(64, 111, '2020-12-01', 30000.00, 1, 'Virement', NULL, NULL),
(65, 111, '2020-08-14', 65000.00, 1, 'Virement', NULL, NULL),
(66, 112, '2019-08-01', 5000.00, 1, 'Virement', NULL, NULL),
(67, 113, '2020-01-01', 50000.00, 1, 'Cheque', NULL, NULL),
(68, 114, '2020-11-03', 50000.00, 1, 'Cheque', NULL, NULL),
(69, 115, '2020-12-07', 30000.00, 1, 'Cheque', NULL, NULL),
(70, 116, '2022-11-30', 40000.00, 1, 'Cheque', NULL, NULL),
(71, 117, '2019-07-26', 5000.00, 1, 'Cheque', NULL, NULL),
(72, 118, '2021-04-13', 45000.00, 1, 'Virement', NULL, NULL),
(73, 120, '2020-12-23', 130000.00, 1, 'Cheque', NULL, NULL),
(74, 126, '2023-05-30', 50000.00, 1, 'Cheque', NULL, NULL),
(75, 51, '2021-03-26', 13145.00, 1, 'Cheque', NULL, NULL),
(76, 51, '2021-03-26', 99012.00, 1, 'Credit', NULL, NULL),
(77, 51, '2021-03-26', 34843.00, 1, 'Virement', NULL, NULL),
(78, 107, '2020-08-04', 2000.00, 1, 'Virement', NULL, NULL),
(79, 96, '2022-02-22', 30000.00, 1, 'Virement', NULL, NULL),
(81, 89, '2020-10-10', 125000.00, 1, 'Credit', NULL, NULL),
(82, 53, '2018-08-10', 50000.00, 1, 'Cheque', NULL, NULL),
(83, 53, '2018-09-19', 80000.00, 1, 'Cheque', NULL, NULL),
(84, 53, '2019-06-13', 30000.00, 1, 'Cheque', NULL, NULL),
(85, 53, '2019-09-23', 10000.00, 1, 'Cheque', NULL, NULL),
(86, 53, '2019-10-02', 45000.00, 1, 'Cheque', NULL, NULL),
(87, 53, '2019-10-11', 100000.00, 1, 'Credit', NULL, NULL),
(88, 59, '2018-04-04', 10000.00, 1, 'Versement', NULL, NULL),
(89, 54, '2020-09-11', 300000.00, 1, 'Virement', NULL, NULL),
(90, 54, '2021-09-10', 300000.00, 1, 'Credit', NULL, NULL),
(91, 55, '2019-03-28', 33518.30, 1, 'Virement', NULL, NULL),
(92, 55, '2019-03-29', 49936.80, 1, 'Virement', NULL, NULL),
(93, 55, '2019-05-09', 258401.70, 1, 'Virement', NULL, NULL),
(94, 55, '2019-08-02', 100000.00, 1, 'Virement', NULL, NULL),
(95, 55, '2019-09-23', 50000.00, 1, 'Virement', NULL, NULL),
(96, 55, '2019-09-20', 143.20, 1, 'Versement', NULL, NULL),
(97, 55, '2021-10-11', 15000.00, 1, 'Cheque', NULL, NULL),
(98, 56, '2020-07-15', 20000.00, 1, 'Cheque', NULL, NULL),
(99, 56, '2020-07-20', 30000.00, 1, 'Cheque', NULL, NULL),
(100, 56, '2020-07-27', 55000.00, 1, 'Cheque', NULL, NULL),
(101, 56, '2020-08-03', 57000.00, 1, 'Cheque', NULL, NULL),
(102, 56, '2020-07-24', 373000.00, 1, 'Credit', NULL, NULL),
(103, 57, '2020-02-14', 367500.00, 1, 'Cheque', NULL, NULL),
(104, 58, '2021-04-01', 50000.00, 1, 'Cheque', NULL, NULL),
(105, 58, '2021-04-28', 400000.00, 1, 'Credit', NULL, NULL),
(106, 59, '2018-08-06', 10000.00, 1, 'Versement', NULL, NULL),
(107, 59, '2018-08-06', 15000.00, 1, 'Versement', NULL, NULL),
(108, 59, '2018-09-03', 25000.00, 1, 'Versement', NULL, NULL),
(109, 59, '2018-09-03', 20000.00, 1, 'Versement', NULL, NULL),
(110, 59, '2018-11-21', 10000.00, 1, 'Versement', NULL, NULL),
(111, 59, '2019-02-11', 20000.00, 1, 'Versement', NULL, NULL),
(112, 59, '2019-04-11', 20000.00, 1, 'Versement', NULL, NULL),
(113, 59, '2019-04-11', 25000.00, 1, 'Versement', NULL, NULL),
(114, 59, '2019-06-21', 150000.00, 1, 'Virement', NULL, NULL),
(115, 59, '2020-01-07', 65000.00, 1, 'Virement', NULL, NULL),
(116, 59, '2020-03-03', 35350.00, 1, 'Virement', NULL, NULL),
(117, 60, '2017-08-23', 40000.00, 1, 'Cheque', NULL, NULL),
(118, 60, '2017-07-28', 50000.00, 1, 'Versement', NULL, NULL),
(119, 60, '2017-07-28', 10000.00, 1, 'Cheque', NULL, NULL),
(120, 60, '2018-02-13', 20000.00, 1, 'Versement', NULL, NULL),
(121, 60, '2018-07-13', 50000.00, 1, 'Cheque', NULL, NULL),
(122, 60, '2018-12-28', 50000.00, 1, 'Versement', NULL, NULL),
(123, 60, '2019-01-02', 50000.00, 1, 'Cheque', NULL, NULL),
(124, 60, '2019-08-16', 50000.00, 1, 'Cheque', NULL, NULL),
(125, 60, '2019-08-17', 10000.00, 1, 'Cheque', NULL, NULL),
(126, 60, '2019-10-09', 4000.00, 1, 'Versement', NULL, NULL),
(127, 60, '2020-01-09', 15000.00, 1, 'Cheque', NULL, NULL),
(128, 61, '2017-07-17', 50000.00, 1, 'Cheque', NULL, NULL),
(129, 61, '2018-01-17', 40000.00, 1, 'Versement', NULL, NULL),
(130, 61, '2018-03-14', 24000.00, 1, 'Versement', NULL, NULL),
(131, 61, '2018-06-11', 35000.00, 1, 'Cheque', NULL, NULL),
(132, 61, '2018-12-11', 100000.00, 1, 'Versement', NULL, NULL),
(133, 61, '2020-01-31', 101000.00, 1, 'Cheque', NULL, NULL),
(134, 62, '2018-01-30', 100000.00, 1, 'Cheque', NULL, NULL),
(135, 62, '2018-03-16', 90000.00, 1, 'Cheque', NULL, NULL),
(136, 62, '2018-06-13', 45000.00, 1, 'Cheque', NULL, NULL),
(137, 62, '2019-05-13', 50000.00, 1, 'Cheque', NULL, NULL),
(138, 62, '2019-05-13', 50000.00, 1, 'Cheque', NULL, NULL),
(139, 62, '2020-01-31', 15000.00, 1, 'Cheque', NULL, NULL),
(140, 63, '2017-07-12', 50000.00, 1, 'Cheque', NULL, NULL),
(141, 63, '2018-03-14', 46000.00, 1, 'Cheque', NULL, NULL),
(142, 63, '2018-06-04', 30000.00, 1, 'Cheque', NULL, NULL),
(143, 63, '2018-06-08', 40000.00, 1, 'Cheque', NULL, NULL),
(144, 63, '2019-10-25', 100000.00, 1, 'Cheque', NULL, NULL),
(145, 63, '2020-01-31', 84000.00, 1, 'Cheque', NULL, NULL),
(146, 64, '2020-07-21', 188000.00, 1, 'Cheque', NULL, NULL),
(147, 64, '2020-07-21', 157000.00, 1, 'Cheque', NULL, NULL),
(148, 65, '2020-01-08', 235000.00, 1, 'Cheque', NULL, NULL),
(149, 65, '2020-02-03', 25000.00, 1, 'Cheque', NULL, NULL),
(150, 65, '2020-03-03', 25000.00, 1, 'Cheque', NULL, NULL),
(151, 65, '2020-03-31', 25000.00, 1, 'Cheque', NULL, NULL),
(152, 65, '2020-05-04', 25000.00, 1, 'Cheque', NULL, NULL),
(153, 65, '2020-06-03', 25000.00, 1, 'Cheque', NULL, NULL),
(154, 65, '2020-07-06', 25000.00, 1, 'Cheque', NULL, NULL),
(155, 65, '2020-08-07', 25000.00, 1, 'Cheque', NULL, NULL),
(156, 65, '2020-09-02', 25000.00, 1, 'Cheque', NULL, NULL),
(157, 65, '2020-10-08', 25000.00, 1, 'Cheque', NULL, NULL),
(158, 65, '2020-11-01', 80000.00, 1, 'Cheque', NULL, NULL),
(159, 65, '2020-12-01', 0.00, 1, '', NULL, NULL),
(160, 65, '2021-01-01', 0.00, 1, '', NULL, NULL),
(161, 66, '2019-08-27', 357000.00, 1, 'Credit', NULL, NULL),
(162, 66, '2019-08-27', 4000.00, 1, 'Virement', NULL, NULL),
(163, 66, '2019-08-27', 4000.00, 1, 'Virement', NULL, NULL),
(164, 67, '2020-09-09', 140000.00, 1, 'Cheque', NULL, NULL),
(165, 68, '2019-10-21', 17750.00, 1, 'Virement', NULL, NULL),
(166, 68, '2019-10-28', 272250.00, 1, 'Credit', NULL, NULL),
(167, 69, '2019-10-21', 9500.00, 1, 'Virement', NULL, NULL),
(168, 69, '2019-10-25', 145500.00, 1, 'Credit', NULL, NULL),
(169, 70, '2021-07-07', 95000.00, 1, '', NULL, NULL),
(170, 72, '2022-05-09', 308000.00, 1, '', NULL, NULL),
(171, 73, '2022-01-04', 75000.00, 1, '', NULL, NULL),
(172, 73, '2022-01-07', 60000.00, 1, '', NULL, NULL),
(173, 73, '2022-01-13', 90000.00, 1, '', NULL, NULL),
(174, 73, '2022-01-31', 18000.00, 1, '', NULL, NULL),
(175, 74, '2021-08-04', 86500.00, 1, 'Cheque', NULL, NULL),
(176, 76, '2021-07-16', 28000.00, 1, 'Virement', NULL, NULL),
(177, 76, '2021-07-16', 32813.99, 1, 'Versement', NULL, NULL),
(178, 76, '2021-07-16', 186.01, 1, 'Espece', NULL, NULL),
(179, 80, '2020-10-22', 8000.00, 1, 'Virement', NULL, NULL),
(180, 80, '2021-02-22', 214400.00, 1, 'Credit', NULL, NULL),
(181, 82, '2019-12-17', 25000.00, 1, 'Virement', NULL, NULL),
(182, 82, '2020-03-19', 25000.00, 1, 'Virement', NULL, NULL),
(183, 82, '2020-07-27', 15000.00, 1, 'Virement', NULL, NULL),
(184, 82, '2020-09-16', 15000.00, 1, 'Virement', NULL, NULL),
(185, 91, '2021-04-10', 60000.00, 1, 'Cheque', NULL, NULL),
(186, 91, '2021-07-19', 100000.00, 1, 'Cheque', NULL, NULL),
(187, 91, '2021-08-04', 10000.00, 1, 'Cheque', NULL, NULL),
(188, 91, '2021-09-30', 30000.00, 1, 'Cheque', NULL, NULL),
(189, 91, '2022-11-07', 30000.00, 1, 'Cheque', NULL, NULL),
(190, 94, '2020-10-08', 19627.45, 1, 'Virement', NULL, NULL),
(191, 94, '2021-01-26', 30498.95, 1, 'Virement', NULL, NULL),
(192, 94, '2021-05-25', 29970.19, 1, 'Virement', NULL, NULL),
(193, 98, '2020-06-10', 23000.00, 1, 'Virement', NULL, '2024-01-25 21:36:24'),
(194, 98, '2018-10-17', 10000.00, 1, 'Espèces', NULL, '2024-01-05 12:59:45'),
(195, 98, '2023-10-12', 115000.00, 1, 'Lettre de change', NULL, '2024-03-25 08:36:47'),
(196, 99, '2021-01-27', 80000.00, 1, 'Virement', NULL, NULL),
(197, 99, '2021-01-26', 70000.00, 1, 'Virement', NULL, NULL),
(198, 103, '2020-10-20', 30000.00, 1, 'Cheque', NULL, NULL),
(199, 101, '2020-02-17', 36000.00, 1, 'Virement', NULL, NULL),
(200, 101, '2021-02-10', 40000.00, 1, 'Virement', NULL, NULL),
(201, 101, '2021-08-04', 52000.00, 1, 'Virement', NULL, NULL),
(202, 101, '2021-08-12', 12000.00, 1, 'Virement', NULL, NULL),
(203, 103, '2021-02-19', 40000.00, 1, 'Cheque', NULL, NULL),
(204, 103, '2020-03-08', 30000.00, 1, 'Cheque', NULL, NULL),
(205, 104, '2021-03-22', 100000.00, 1, 'Virement', NULL, NULL),
(206, 125, '2021-01-07', 90000.00, 1, 'Credit', NULL, NULL),
(207, 107, '2020-09-05', 2000.00, 1, 'Virement', NULL, NULL),
(208, 107, '2020-10-09', 2000.00, 1, 'Virement', NULL, NULL),
(209, 107, '2020-11-03', 2000.00, 1, 'Virement', NULL, NULL),
(210, 107, '2020-12-02', 2000.00, 1, 'Virement', NULL, NULL),
(211, 107, '2021-03-02', 20000.00, 1, 'Cheque', NULL, NULL),
(212, 107, '2021-02-23', 95000.00, 1, 'Credit', NULL, NULL),
(213, 108, '2021-07-16', 20000.00, 1, 'Cheque', NULL, NULL),
(214, 108, '2021-07-16', 100000.00, 1, 'Virement', NULL, NULL),
(215, 109, '2021-07-15', 115000.00, 1, 'Virement', NULL, NULL),
(216, 109, '2021-07-15', 100000.00, 1, 'Credit', NULL, NULL),
(217, 111, '2020-12-01', 30000.00, 1, 'Virement', NULL, NULL),
(218, 111, '2022-08-11', 5000.00, 1, 'Virement', NULL, NULL),
(219, 112, '2020-10-07', 10000.00, 1, 'Cheque', NULL, NULL),
(220, 112, '2021-01-06', 130000.00, 1, 'Virement', NULL, NULL),
(221, 113, '2021-08-20', 50000.00, 1, 'Virement', NULL, NULL),
(222, 113, '2021-08-20', 165000.00, 1, 'Virement', NULL, NULL),
(223, 114, '2021-01-13', 50000.00, 1, 'Cheque', NULL, NULL),
(224, 114, '2021-04-02', 25000.00, 1, 'Cheque', NULL, NULL),
(225, 114, '2022-01-25', 20000.00, 1, 'Cheque', NULL, NULL),
(226, 114, '2022-01-25', 20000.00, 1, 'Cheque', NULL, NULL),
(227, 115, '2020-12-11', 20000.00, 1, 'Cheque', NULL, NULL),
(228, 115, '2020-12-21', 25000.00, 1, 'Cheque', NULL, NULL),
(229, 116, '2024-01-12', 10000.00, 1, 'Chèque', NULL, '2024-01-13 07:51:00'),
(230, 117, '2019-09-24', 5000.00, 1, 'Cheque', NULL, NULL),
(231, 117, '2020-12-17', 10000.00, 1, 'Cheque', NULL, NULL),
(232, 117, '2021-03-01', 23000.00, 1, 'Cheque', NULL, NULL),
(233, 117, '2021-03-01', 115000.00, 1, 'Credit', NULL, NULL),
(234, 118, '2021-04-13', 81000.00, 1, 'Virement', NULL, NULL),
(235, 119, '2021-08-30', 50000.00, 1, 'Virement', NULL, NULL),
(236, 119, '2021-05-31', 100000.00, 1, 'Cheque', NULL, NULL),
(237, 119, '2022-05-31', 70000.00, 1, 'Cheque', NULL, NULL),
(238, 120, '2021-01-21', 50000.00, 1, 'Virement', NULL, NULL),
(239, 120, '2021-03-10', 25000.00, 1, 'Cheque', NULL, NULL),
(240, 120, '2021-04-20', 20000.00, 1, 'Cheque', NULL, NULL),
(241, 121, '2021-04-14', 27661.55, 1, 'Virement', NULL, NULL),
(242, 121, '2021-04-20', 9775.50, 1, 'Virement', NULL, NULL),
(243, 121, '2021-04-27', 12988.00, 1, 'Virement', NULL, NULL),
(244, 121, '2021-04-30', 13064.00, 1, 'Virement', NULL, NULL),
(245, 121, '2021-05-17', 13064.00, 1, 'Virement', NULL, NULL),
(246, 121, '2021-06-01', 6555.00, 1, 'Virement', NULL, NULL),
(247, 121, '2021-06-21', 245000.00, 1, 'Credit', NULL, NULL),
(248, 121, '2021-06-21', 0.00, 1, 'Credit', NULL, NULL),
(249, 123, '2019-08-21', 99671.20, 1, 'Virement', NULL, NULL),
(250, 153, '2022-08-31', 50000.00, 1, 'Cheque', NULL, NULL),
(251, 153, '2022-10-31', 50000.00, 1, 'Cheque', NULL, NULL),
(252, 153, '2022-12-06', 50000.00, 1, 'Cheque', NULL, NULL),
(253, 153, '2023-03-01', 17500.00, 1, 'Cheque', NULL, NULL),
(254, 123, '2022-12-03', 5561.50, 1, 'Virement', NULL, NULL),
(255, 124, '2020-12-28', 105000.00, 1, 'Virement', NULL, NULL),
(256, 124, '2020-12-30', 30000.00, 1, 'Virement', NULL, NULL),
(257, 125, '2021-06-30', 41200.00, 1, 'Cheque', NULL, NULL),
(258, 153, '2023-05-30', 17500.00, 1, 'Cheque', NULL, NULL),
(259, 153, '2023-05-02', 17500.00, 1, 'Cheque', NULL, NULL),
(260, 126, '2025-05-30', 100000.00, 0, 'Cheque', NULL, NULL),
(261, 127, '2023-03-15', 4000.00, 1, 'Cheque', NULL, NULL),
(262, 127, '2023-05-30', 30000.00, 1, 'Cheque', NULL, NULL),
(263, 127, '2023-06-30', 30000.00, 1, 'Cheque', NULL, NULL),
(264, 127, '2023-06-20', 396000.00, 1, 'Credit', NULL, NULL),
(265, 129, '2023-04-04', 530000.00, 1, 'Credit', NULL, NULL),
(266, 128, '2022-09-12', 25000.00, 1, 'Cheque', NULL, NULL),
(267, 128, '2022-07-14', 25000.00, 1, 'Cheque', NULL, NULL),
(268, 128, '2021-09-20', 25000.00, 1, 'Cheque', NULL, NULL),
(269, 128, '2022-04-04', 25000.00, 1, 'Cheque', NULL, NULL),
(270, 128, '2021-12-15', 25000.00, 1, 'Cheque', NULL, NULL),
(271, 128, '2024-11-13', 10000.00, 1, 'Cheque', NULL, NULL),
(272, 166, '2023-05-22', 50000.00, 1, 'Cheque', NULL, NULL),
(273, 130, '2020-12-28', 95000.00, 1, 'Virement', NULL, NULL),
(274, 130, '2022-03-22', 70000.00, 1, 'Virement', NULL, NULL),
(275, 130, '2022-03-22', 30000.00, 1, 'Virement', NULL, NULL),
(276, 131, '2022-01-10', 100000.00, 1, 'Cheque', NULL, NULL),
(277, 131, '2022-12-13', 150000.00, 1, 'Cheque', NULL, NULL),
(278, 131, '2023-11-30', 20000.00, 1, 'Chèque', NULL, '2024-03-23 09:46:26'),
(279, 132, '2023-03-27', 620000.00, 1, 'Cheque', NULL, NULL),
(280, 133, '2023-04-11', 230000.00, 1, 'Cheque', NULL, NULL),
(281, 166, '2022-09-07', 145000.00, 1, 'Cheque', NULL, NULL),
(282, 166, '2022-12-24', 150000.00, 1, 'Cheque', NULL, NULL),
(283, 166, '2023-04-15', 50000.00, 1, 'Cheque', NULL, NULL),
(284, 137, '2020-12-01', 20000.00, 1, 'Cheque', NULL, NULL),
(285, 137, '2020-12-02', 20000.00, 1, 'Cheque', NULL, NULL),
(286, 137, '2020-12-03', 20000.00, 1, 'Cheque', NULL, NULL),
(287, 137, '2020-12-07', 10000.00, 1, 'Cheque', NULL, NULL),
(288, 137, '2020-12-21', 20000.00, 1, 'Cheque', NULL, NULL),
(289, 137, '2021-07-07', 80000.00, 1, 'Cheque', NULL, NULL),
(290, 137, '2022-11-30', 50000.00, 1, 'Cheque', NULL, NULL),
(291, 137, '2022-12-06', 50000.00, 1, 'Cheque', NULL, NULL),
(292, 137, '2023-04-30', 75000.00, 1, 'Cheque', NULL, NULL),
(293, 137, '2023-05-30', 75000.00, 1, 'Cheque', NULL, NULL),
(294, 138, '2023-04-04', 165000.00, 1, 'Cheque', NULL, NULL),
(295, 139, '2023-03-28', 70000.00, 1, 'Cheque', NULL, NULL),
(296, 153, '2022-08-01', 50000.00, 1, 'Cheque', NULL, NULL),
(297, 140, '2023-01-30', 80000.00, 1, 'Cheque', NULL, NULL),
(298, 140, '2023-05-03', 320000.00, 1, 'Virement', NULL, NULL),
(299, 141, '2022-10-02', 290000.00, 1, 'Cheque', NULL, NULL),
(300, 141, '2023-03-31', 45000.00, 1, 'Cheque', NULL, NULL),
(301, 141, '2023-12-30', 150000.00, 1, 'Credit', NULL, NULL),
(302, 155, '2024-01-31', 240000.00, 0, 'Crédit', NULL, '2024-01-05 07:54:11'),
(303, 163, '2023-07-17', 35000.00, 1, 'Virement', NULL, NULL),
(304, 142, '2024-01-31', 110000.00, 1, 'Virement', NULL, '2024-04-03 08:00:59'),
(305, 163, '2022-10-28', 30000.00, 1, 'Virement', NULL, NULL),
(306, 163, '2021-07-14', 50000.00, 1, 'Virement', NULL, NULL),
(307, 144, '2020-12-11', 15000.00, 1, 'Virement', NULL, NULL),
(308, 144, '2024-05-15', 155000.00, 0, 'pas de modalite', NULL, NULL),
(309, 145, '2023-08-07', 100000.00, 1, 'Cheque', NULL, NULL),
(310, 146, '2023-10-12', 50000.00, 1, 'Cheque', NULL, NULL),
(311, 146, '2023-10-20', 50000.00, 1, 'Cheque', NULL, NULL),
(312, 146, '2023-12-08', 150000.00, 1, 'Virement', NULL, NULL),
(313, 147, '2022-12-12', 100000.00, 1, 'Cheque', NULL, NULL),
(314, 147, '2024-01-31', 0.00, 0, 'pas de modalite', NULL, NULL),
(315, 147, '2024-03-31', 0.00, 0, 'pas de modalite', NULL, NULL),
(316, 148, '2022-12-12', 100000.00, 1, 'Cheque', NULL, NULL),
(317, 148, '2024-01-31', 0.00, 0, 'pas de modalite', NULL, NULL),
(318, 148, '2024-03-31', 0.00, 0, 'pas de modalite', NULL, NULL),
(319, 149, '2022-12-12', 50000.00, 1, 'Cheque', NULL, NULL),
(320, 149, '2024-01-31', 0.00, 0, 'pas de modalite', NULL, NULL),
(321, 149, '2024-03-31', 0.00, 0, 'pas de modalite', NULL, NULL),
(322, 150, '2022-12-12', 50000.00, 1, 'Cheque', NULL, NULL),
(323, 150, '2024-01-31', 0.00, 0, 'pas de modalite', NULL, NULL),
(324, 150, '2024-03-31', 0.00, 0, 'pas de modalite', NULL, NULL),
(325, 164, '2024-02-13', 50000.00, 1, 'Chèque', NULL, '2024-03-23 09:55:03'),
(326, 153, NULL, 0.00, 0, 'pas de modalite', NULL, NULL),
(327, 153, NULL, 0.00, 0, 'pas de modalite', NULL, NULL),
(328, 153, NULL, 0.00, 0, 'pas de modalite', NULL, NULL),
(329, 153, NULL, 0.00, 0, 'pas de modalite', NULL, NULL),
(330, 154, '2026-01-30', 50000.00, 1, 'Virement', NULL, NULL),
(331, 156, '2023-07-20', 120000.00, 1, 'Virement', NULL, NULL),
(332, 156, '2023-08-01', 401270.50, 1, 'Virement', NULL, NULL),
(333, 156, '2023-08-04', 19876.00, 1, 'Virement', NULL, NULL),
(334, 157, '2024-01-31', 440000.00, 0, 'Cheque', NULL, NULL),
(335, 157, '2024-01-31', 0.00, 0, 'pas de modalite', NULL, NULL),
(336, 157, '2024-01-31', 0.00, 0, 'pas de modalite', NULL, NULL),
(337, 165, '2023-08-21', 40000.00, 1, 'Virement', NULL, NULL),
(338, 165, '2023-09-18', 39769.37, 1, 'Virement', NULL, NULL),
(339, 159, '2023-09-30', 30000.00, 1, 'Cheque', NULL, NULL),
(340, 159, '2023-10-30', 30000.00, 1, 'Cheque', NULL, NULL),
(341, 159, '2023-11-13', 30000.00, 1, 'Cheque', NULL, NULL),
(342, 159, '2023-12-31', 30000.00, 1, 'Chèque', NULL, '2024-01-04 14:22:34'),
(343, 159, '2024-01-31', 30000.00, 1, 'Chèque', NULL, '2024-03-23 09:47:15'),
(344, 162, '2024-02-21', 201000.00, 1, 'Virement', NULL, '2024-03-23 09:48:18'),
(345, 160, '2023-10-02', 395000.00, 1, 'Cheque', NULL, NULL),
(346, 161, '2023-07-04', 300000.00, 1, 'Virement', NULL, NULL),
(347, 164, '2023-12-05', 50000.00, 1, 'Cheque', NULL, NULL),
(348, 164, '2023-10-08', 250000.00, 1, 'Cheque', NULL, NULL),
(349, 164, '2023-06-16', 90000.00, 1, 'Cheque', NULL, NULL),
(352, 163, '2023-09-01', 30000.00, 1, 'Virement', NULL, NULL),
(353, 163, '2023-10-02', 15000.00, 1, 'Virement', NULL, NULL),
(354, 163, '2024-01-31', 40000.00, 1, 'Virement', NULL, '2024-03-23 09:45:40'),
(355, 164, '2024-04-01', 20000.00, 1, 'Chèque', NULL, '2024-04-03 08:00:00'),
(356, 165, '2023-09-19', 67713.00, 1, 'Virement', NULL, NULL),
(357, 165, '2023-09-21', 98000.00, 1, 'Virement', NULL, NULL),
(358, 165, '2023-09-22', 34000.00, 1, 'Virement', NULL, NULL),
(359, 165, '2023-10-23', 7517.63, 1, 'Virement', NULL, NULL),
(360, 166, '2023-11-30', 15000.00, 1, 'Cheque', NULL, NULL),
(361, 115, '2023-12-25', 95000.00, 0, 'Chèque', '2024-01-05 08:05:13', '2024-01-05 08:05:13'),
(362, 96, '2021-03-18', 25000.00, 1, 'Chèque', '2024-01-05 08:37:19', '2024-01-05 08:37:19'),
(363, 96, '2024-03-31', 30000.00, 0, 'Chèque', '2024-01-05 08:39:24', '2024-01-05 08:39:24'),
(364, 92, '2023-07-21', 10000.00, 1, 'Virement', '2024-01-05 09:30:30', '2024-01-05 09:30:30'),
(365, 98, '2023-06-13', 80000.00, 1, 'Virement', '2024-01-05 09:41:52', '2024-01-05 09:41:52'),
(366, 116, '2024-02-29', 10000.00, 0, 'Chèque', '2024-01-05 13:03:55', '2024-01-05 13:03:55'),
(367, 116, '2024-03-31', 10000.00, 0, 'Chèque', '2024-01-05 13:04:09', '2024-01-05 13:04:09'),
(368, 116, '2024-04-30', 10000.00, 0, 'Chèque', '2024-01-05 13:04:25', '2024-01-05 13:04:25'),
(369, 167, '2020-06-26', 114000.00, 1, 'Crédit', '2024-01-29 20:46:43', '2024-01-29 20:46:43'),
(370, 167, '2021-01-25', 26000.00, 1, 'Crédit', '2024-01-29 20:47:15', '2024-01-29 20:47:15'),
(371, 169, '2022-08-01', 50000.00, 1, 'Chèque', '2024-01-29 20:55:22', '2024-01-29 20:55:56'),
(372, 169, '2022-08-31', 50000.00, 1, 'Chèque', '2024-01-29 20:56:20', '2024-01-29 20:56:20'),
(373, 169, '2022-10-31', 50000.00, 1, 'Chèque', '2024-01-29 20:56:43', '2024-01-29 20:56:43'),
(374, 169, '2022-12-06', 50000.00, 1, 'Chèque', '2024-01-29 20:57:22', '2024-01-29 20:57:22'),
(375, 169, '2023-03-01', 17500.00, 1, 'Chèque', '2024-01-29 20:57:41', '2024-01-29 20:57:41'),
(376, 169, '2023-05-02', 17500.00, 1, 'Chèque', '2024-01-29 20:57:58', '2024-01-29 20:57:58'),
(377, 169, '2023-05-30', 17500.00, 1, 'Chèque', '2024-01-29 20:58:27', '2024-01-29 20:58:27'),
(378, 170, '2022-05-09', 308000.00, 1, 'Virement', '2024-01-29 21:00:47', '2024-01-29 21:00:47'),
(379, 171, '2023-01-30', 55000.00, 1, 'Virement', '2024-01-29 21:02:45', '2024-03-25 08:39:55'),
(380, 146, '2024-02-20', 24000.00, 1, 'Virement', '2024-03-23 09:54:38', '2024-03-23 09:54:38'),
(381, 172, '2023-02-13', 80000.00, 1, 'Chèque', '2024-03-27 09:20:03', '2024-03-27 09:20:03'),
(382, 172, '2023-05-03', 320000.00, 1, 'Virement', '2024-03-27 09:20:22', '2024-03-27 09:20:22'),
(383, 173, '2024-02-12', 56000.00, 1, 'Virement', '2024-03-27 09:24:30', '2024-03-27 09:24:30'),
(389, 175, '2023-11-09', 10000.00, 1, 'Chèque', '2024-03-27 09:31:15', '2024-03-27 09:33:12'),
(391, 68, '2020-01-30', 17000.00, 1, 'Virement', '2024-03-29 07:07:00', '2024-03-29 07:07:00'),
(392, 68, '2020-01-30', 15000.00, 1, 'Espèces', '2024-03-29 07:08:17', '2024-03-29 07:08:17'),
(393, 142, '2024-04-03', 145000.00, 1, 'Virement', '2024-04-03 08:00:50', '2024-04-03 08:00:50'),
(394, 164, '2024-04-15', 20000.00, 1, 'Chèque', '2024-04-15 12:56:02', '2024-04-15 12:56:02'),
(395, 176, '2024-03-18', 43000.00, 1, 'Virement', '2024-05-02 06:37:37', '2024-05-02 06:37:37'),
(396, 177, '2024-02-27', 74500.00, 1, 'Chèque', '2024-05-03 06:18:46', '2024-05-03 06:18:46'),
(397, 177, '2024-03-01', 315500.00, 1, 'Chèque', '2024-05-03 06:19:00', '2024-05-03 06:19:22');

-- --------------------------------------------------------

--
-- Table structure for table `crm_etages`
--

CREATE TABLE `crm_etages` (
  `id` bigint(20) UNSIGNED NOT NULL,
  `name` varchar(255) CHARACTER SET utf8mb4 COLLATE utf8mb4_unicode_ci DEFAULT NULL,
  `residence_id` bigint(20) UNSIGNED NOT NULL,
  `plan` varchar(255) CHARACTER SET utf8mb4 COLLATE utf8mb4_unicode_ci DEFAULT NULL,
  `hplan` varchar(255) CHARACTER SET utf8mb4 COLLATE utf8mb4_unicode_ci DEFAULT NULL,
  `wplan` varchar(255) CHARACTER SET utf8mb4 COLLATE utf8mb4_unicode_ci DEFAULT NULL,
  `number` int(11) DEFAULT NULL,
  `created_at` timestamp NULL DEFAULT NULL,
  `updated_at` timestamp NULL DEFAULT NULL
) ENGINE=InnoDB DEFAULT CHARSET=latin1;

--
-- Dumping data for table `crm_etages`
--

INSERT INTO `crm_etages` (`id`, `name`, `residence_id`, `plan`, `hplan`, `wplan`, `number`, `created_at`, `updated_at`) VALUES
(4, '5 ème', 2, 'uploads/residences/1704232676.jpg', '817', '1200', NULL, NULL, '2024-01-02 20:57:56'),
(5, '4 ème', 2, 'uploads/residences/1704232882.jpg', '671', '1200', NULL, NULL, '2024-01-02 21:01:22'),
(6, '3 ème', 2, 'uploads/residences/1704232610.jpg', '671', '1200', NULL, NULL, '2024-01-02 20:56:50'),
(7, '2 ème', 2, 'uploads/residences/1704232647.jpg', '671', '1200', NULL, NULL, '2024-01-02 20:57:27'),
(8, '1 er', 2, 'uploads/residences/1704232635.jpg', '671', '1200', NULL, NULL, '2024-01-02 20:57:15'),
(9, 'rdc', 2, 'uploads/residences/1704146600.jpg', '1000', '1300', NULL, NULL, '2024-01-01 21:03:20'),
(10, '2 ème', 3, '3/2.jpg', '220', '395', NULL, NULL, NULL),
(11, '1 er', 3, '3/1.jpg', '320', '395', NULL, NULL, NULL),
(12, 'rdc', 3, '3/rdc.jpg', '420', '395', NULL, NULL, NULL),
(13, 'Sous Sol', 3, '3/ss.jpg', '500', '395', NULL, NULL, NULL),
(24, 'Étage 1', 7, 'uploads/residences/1711355518.jpg', '4429', '2952', NULL, NULL, '2024-04-23 12:26:54'),
(25, 'Étage 2', 7, 'uploads/residences/1713882426.jpg', '4429', '2952', NULL, NULL, '2024-04-23 12:27:06'),
(26, '3eme', 7, 'uploads/residences/1711357016.jpg', '4429', '2952', NULL, NULL, '2024-03-25 07:56:56'),
(27, '4eme', 7, 'uploads/residences/1711357048.jpg', '4429', '2952', NULL, NULL, '2024-03-25 07:57:28'),
(28, 'Sous sol', 7, 'uploads/residences/1711357086.jpg', '8858', '5904', NULL, NULL, '2024-03-25 07:58:06'),
(29, 'Rez de chaussée', 7, 'uploads/residences/1711357122.jpg', '5501', '3947', NULL, NULL, '2024-03-25 07:58:42'),
(30, 'Mezzanine', 7, 'uploads/residences/1711357640.jpg', '4429', '2952', NULL, NULL, '2024-03-25 08:07:20'),
(31, 'RDC', 8, 'uploads/residences/1706711247.jpg', '2273', '3202', NULL, '2024-01-31 10:06:41', '2024-01-31 13:27:27'),
(32, '1ér étage', 8, 'uploads/residences/1706699392.jpg', '2196', '2683', NULL, '2024-01-31 10:09:52', '2024-01-31 10:09:52'),
(33, '2éme étage', 8, 'uploads/residences/1706699443.jpg', '2148', '2733', NULL, '2024-01-31 10:10:43', '2024-01-31 10:10:43'),
(34, '3éme étage', 8, 'uploads/residences/1706699474.jpg', '2148', '2733', NULL, '2024-01-31 10:10:46', '2024-01-31 10:11:14'),
(35, '4éme étage', 8, 'uploads/residences/1706699500.jpg', '2264', '2653', NULL, '2024-01-31 10:11:40', '2024-01-31 10:11:40'),
(36, 'Sous-Sol', 8, 'uploads/residences/1706699524.jpg', '2029', '2469', NULL, '2024-01-31 10:12:04', '2024-01-31 10:12:04'),
(37, 'Sous Sol', 9, NULL, NULL, NULL, NULL, '2024-04-28 21:06:59', '2024-04-28 21:06:59');

-- --------------------------------------------------------

--
-- Table structure for table `crm_fichiers`
--

CREATE TABLE `crm_fichiers` (
  `id` bigint(20) UNSIGNED NOT NULL,
  `name` varchar(255) COLLATE utf8mb4_unicode_ci NOT NULL,
  `path` varchar(255) COLLATE utf8mb4_unicode_ci NOT NULL,
  `abonnements_id` bigint(20) UNSIGNED NOT NULL,
  `created_at` timestamp NULL DEFAULT NULL,
  `updated_at` timestamp NULL DEFAULT NULL
) ENGINE=InnoDB DEFAULT CHARSET=utf8mb4 COLLATE=utf8mb4_unicode_ci;

-- --------------------------------------------------------

--
-- Table structure for table `crm_files`
--

CREATE TABLE `crm_files` (
  `id` bigint(20) UNSIGNED NOT NULL,
  `residence_id` bigint(20) UNSIGNED DEFAULT NULL,
  `name` varchar(255) CHARACTER SET utf8mb4 COLLATE utf8mb4_unicode_ci DEFAULT NULL,
  `path` varchar(255) CHARACTER SET utf8mb4 COLLATE utf8mb4_unicode_ci DEFAULT NULL,
  `created_at` timestamp NULL DEFAULT NULL,
  `updated_at` timestamp NULL DEFAULT NULL
) ENGINE=InnoDB DEFAULT CHARSET=latin1;

--
-- Dumping data for table `crm_files`
--

INSERT INTO `crm_files` (`id`, `residence_id`, `name`, `path`, `created_at`, `updated_at`) VALUES
(9, 8, 'Attestation Foncière Alicante.pdf', 'uploads/residences/Attestation Foncière Alicante.pdf', '2024-03-25 09:51:18', '2024-03-25 09:51:18'),
(10, 8, 'Permis d\'occuper Alicante.pdf', 'uploads/residences/Permis d\'occuper Alicante.pdf', '2024-03-25 09:51:19', '2024-03-25 09:51:19'),
(11, 8, 'PV de récolement Alicante.pdf', 'uploads/residences/PV de récolement Alicante.pdf', '2024-03-25 09:51:19', '2024-03-25 09:51:19'),
(12, 8, 'TF Alicante.pdf', 'uploads/residences/TF Alicante.pdf', '2024-03-25 09:51:19', '2024-03-25 09:51:19');

-- --------------------------------------------------------

--
-- Table structure for table `crm_garages`
--

CREATE TABLE `crm_garages` (
  `id` bigint(20) UNSIGNED NOT NULL,
  `name` varchar(255) CHARACTER SET utf8mb4 COLLATE utf8mb4_unicode_ci NOT NULL,
  `surface` double(8,3) DEFAULT NULL,
  `price` double(8,3) DEFAULT NULL,
  `x` varchar(255) DEFAULT NULL,
  `y` varchar(255) DEFAULT NULL,
  `client_id` bigint(20) UNSIGNED DEFAULT NULL,
  `residence_id` bigint(20) UNSIGNED DEFAULT NULL,
  `etage_id` bigint(20) DEFAULT NULL,
  `appart_id` bigint(20) DEFAULT NULL,
  `created_at` timestamp NULL DEFAULT NULL,
  `updated_at` timestamp NULL DEFAULT NULL
) ENGINE=InnoDB DEFAULT CHARSET=latin1;

-- --------------------------------------------------------

--
-- Table structure for table `crm_images`
--

CREATE TABLE `crm_images` (
  `id` bigint(20) UNSIGNED NOT NULL,
  `path` varchar(255) CHARACTER SET utf8mb4 COLLATE utf8mb4_unicode_ci NOT NULL,
  `residence_id` bigint(20) UNSIGNED DEFAULT NULL,
  `appart_id` bigint(20) UNSIGNED DEFAULT NULL,
  `created_at` timestamp NULL DEFAULT NULL,
  `updated_at` timestamp NULL DEFAULT NULL
) ENGINE=InnoDB DEFAULT CHARSET=latin1;

--
-- Dumping data for table `crm_images`
--

INSERT INTO `crm_images` (`id`, `path`, `residence_id`, `appart_id`, `created_at`, `updated_at`) VALUES
(1, '1512580751.jpg', 1, NULL, NULL, NULL),
(2, '745543375.jpg', 1, NULL, NULL, NULL),
(3, '398554754.JPG', 1, NULL, NULL, NULL),
(13, '1136564730.jpeg', 6, NULL, NULL, NULL),
(14, '506899920.jpeg', 6, NULL, NULL, NULL),
(15, '2019927177.jpeg', 6, NULL, NULL, NULL),
(16, '1769679065.jpeg', 6, NULL, NULL, NULL),
(17, '167895337.jpeg', 6, NULL, NULL, NULL),
(18, '2105518395.jpeg', 6, NULL, NULL, NULL),
(19, '1455952367.jpeg', 6, NULL, NULL, NULL),
(20, '962602972.jpeg', 6, NULL, NULL, NULL),
(21, '1760079982.jpeg', 6, NULL, NULL, NULL),
(22, '1580677118.jpeg', 6, NULL, NULL, NULL),
(23, '858286509.jpeg', 6, NULL, NULL, NULL),
(24, '2030814386.jpeg', 6, NULL, NULL, NULL),
(25, '1276530873.jpeg', 6, NULL, NULL, NULL),
(26, '2088517960.jpeg', 6, NULL, NULL, NULL),
(27, '1206849811.jpeg', 6, NULL, NULL, NULL),
(28, '2076540167.jpeg', 6, NULL, NULL, NULL),
(29, '1781240817.jpeg', 6, NULL, NULL, NULL),
(30, '1213677066.jpeg', 6, NULL, NULL, NULL),
(42, 'uploads/residences/017043825470.jpg', 7, NULL, '2024-01-04 14:35:47', '2024-01-04 14:35:47'),
(43, 'uploads/residences/117043825471.jpg', 7, NULL, '2024-01-04 14:35:47', '2024-01-04 14:35:47'),
(44, 'uploads/residences/217043825472.jpg', 7, NULL, '2024-01-04 14:35:47', '2024-01-04 14:35:47'),
(45, 'uploads/residences/317043825473.jpg', 7, NULL, '2024-01-04 14:35:47', '2024-01-04 14:35:47'),
(46, 'uploads/residences/417043825474.jpg', 7, NULL, '2024-01-04 14:35:47', '2024-01-04 14:35:47'),
(47, 'uploads/residences/517043825475.jpg', 7, NULL, '2024-01-04 14:35:47', '2024-01-04 14:35:47'),
(48, 'uploads/residences/617043825476.jpg', 7, NULL, '2024-01-04 14:35:47', '2024-01-04 14:35:47'),
(49, 'uploads/residences/717043825477.jpg', 7, NULL, '2024-01-04 14:35:47', '2024-01-04 14:35:47'),
(50, 'uploads/residences/817043825478.jpg', 7, NULL, '2024-01-04 14:35:47', '2024-01-04 14:35:47'),
(51, 'uploads/residences/917043825479.jpg', 7, NULL, '2024-01-04 14:35:47', '2024-01-04 14:35:47'),
(52, 'uploads/residences/10170438254710.jpg', 7, NULL, '2024-01-04 14:35:47', '2024-01-04 14:35:47'),
(53, 'uploads/residences/11170438254711.jpg', 7, NULL, '2024-01-04 14:35:47', '2024-01-04 14:35:47'),
(54, 'uploads/residences/12170438254712.jpg', 7, NULL, '2024-01-04 14:35:47', '2024-01-04 14:35:47'),
(55, 'uploads/residences/13170438254713.jpg', 7, NULL, '2024-01-04 14:35:47', '2024-01-04 14:35:47'),
(56, 'uploads/residences/14170438254714.jpg', 7, NULL, '2024-01-04 14:35:47', '2024-01-04 14:35:47'),
(57, 'uploads/residences/017065248190.jpg', 2, NULL, '2024-01-29 09:40:19', '2024-01-29 09:40:19'),
(58, 'uploads/residences/117065248191.jpg', 2, NULL, '2024-01-29 09:40:19', '2024-01-29 09:40:19'),
(76, 'uploads/residences/017113636810.JPG', 3, NULL, '2024-03-25 09:48:01', '2024-03-25 09:48:01'),
(77, 'uploads/residences/117113636811.JPG', 3, NULL, '2024-03-25 09:48:01', '2024-03-25 09:48:01'),
(78, 'uploads/residences/217113636812.jpg', 3, NULL, '2024-03-25 09:48:01', '2024-03-25 09:48:01'),
(79, 'uploads/residences/317113636813.jpg', 3, NULL, '2024-03-25 09:48:01', '2024-03-25 09:48:01'),
(80, 'uploads/residences/017113638790.jpg', 8, NULL, '2024-03-25 09:51:19', '2024-03-25 09:51:19'),
(81, 'uploads/residences/117113638791.jpg', 8, NULL, '2024-03-25 09:51:19', '2024-03-25 09:51:19'),
(82, 'uploads/apparts/017121310980.png', NULL, 132, '2024-04-03 05:58:18', '2024-04-03 05:58:18'),
(83, 'uploads/apparts/017121311540.png', NULL, 135, '2024-04-03 05:59:14', '2024-04-03 05:59:14'),
(84, 'uploads/apparts/017121313500.png', NULL, 151, '2024-04-03 06:02:30', '2024-04-03 06:02:30'),
(85, 'uploads/apparts/017121313930.png', NULL, 152, '2024-04-03 06:03:13', '2024-04-03 06:03:13'),
(86, 'uploads/apparts/017121314780.png', NULL, 130, '2024-04-03 06:04:38', '2024-04-03 06:04:38'),
(87, 'uploads/apparts/017121314970.png', NULL, 137, '2024-04-03 06:04:57', '2024-04-03 06:04:57'),
(88, 'uploads/apparts/017121315330.png', NULL, 138, '2024-04-03 06:05:33', '2024-04-03 06:05:33'),
(89, 'uploads/apparts/017121315670.png', NULL, 139, '2024-04-03 06:06:08', '2024-04-03 06:06:08'),
(90, 'uploads/apparts/017121316650.png', NULL, 154, '2024-04-03 06:07:45', '2024-04-03 06:07:45'),
(91, 'uploads/apparts/017121322180.png', NULL, 141, '2024-04-03 06:16:58', '2024-04-03 06:16:58'),
(92, 'uploads/apparts/017121322770.png', NULL, 142, '2024-04-03 06:17:58', '2024-04-03 06:17:58'),
(93, 'uploads/apparts/017121323140.png', NULL, 156, '2024-04-03 06:18:34', '2024-04-03 06:18:34'),
(94, 'uploads/apparts/017121323940.png', NULL, 157, '2024-04-03 06:19:54', '2024-04-03 06:19:54'),
(95, 'uploads/apparts/017121324220.png', NULL, 158, '2024-04-03 06:20:22', '2024-04-03 06:20:22'),
(97, 'uploads/apparts/017121325360.png', NULL, 143, '2024-04-03 06:22:16', '2024-04-03 06:22:16'),
(98, 'uploads/apparts/017121325670.png', NULL, 144, '2024-04-03 06:22:47', '2024-04-03 06:22:47'),
(100, 'uploads/apparts/017121326820.png', NULL, 146, '2024-04-03 06:24:42', '2024-04-03 06:24:42'),
(101, 'uploads/apparts/017121327890.png', NULL, 161, '2024-04-03 06:26:29', '2024-04-03 06:26:29'),
(102, 'uploads/apparts/017121328470.png', NULL, 147, '2024-04-03 06:27:27', '2024-04-03 06:27:27'),
(103, 'uploads/apparts/017121328790.png', NULL, 148, '2024-04-03 06:27:59', '2024-04-03 06:27:59'),
(104, 'uploads/apparts/017121335900.png', NULL, 159, '2024-04-03 06:39:50', '2024-04-03 06:39:50'),
(105, 'uploads/apparts/017121352610.png', NULL, 56, '2024-04-03 07:07:41', '2024-04-03 07:07:41'),
(106, 'uploads/apparts/017121353560.png', NULL, 57, '2024-04-03 07:09:16', '2024-04-03 07:09:16'),
(107, 'uploads/apparts/017121353860.png', NULL, 122, '2024-04-03 07:09:46', '2024-04-03 07:09:46'),
(108, 'uploads/apparts/017121354040.png', NULL, 58, '2024-04-03 07:10:04', '2024-04-03 07:10:04'),
(109, 'uploads/apparts/017121354210.png', NULL, 59, '2024-04-03 07:10:21', '2024-04-03 07:10:21'),
(110, 'uploads/apparts/017121354540.png', NULL, 60, '2024-04-03 07:10:54', '2024-04-03 07:10:54'),
(111, 'uploads/apparts/017121354780.png', NULL, 61, '2024-04-03 07:11:18', '2024-04-03 07:11:18'),
(113, 'uploads/apparts/017121355240.png', NULL, 92, '2024-04-03 07:12:04', '2024-04-03 07:12:04'),
(114, 'uploads/apparts/017121355340.png', NULL, 91, '2024-04-03 07:12:14', '2024-04-03 07:12:14'),
(115, 'uploads/apparts/017121355600.png', NULL, 93, '2024-04-03 07:12:40', '2024-04-03 07:12:40'),
(116, 'uploads/apparts/017121355790.png', NULL, 62, '2024-04-03 07:12:59', '2024-04-03 07:12:59'),
(117, 'uploads/apparts/017121356050.png', NULL, 94, '2024-04-03 07:13:25', '2024-04-03 07:13:25'),
(120, 'uploads/apparts/017121356830.png', NULL, 65, '2024-04-03 07:14:43', '2024-04-03 07:14:43'),
(121, 'uploads/apparts/017121356990.png', NULL, 95, '2024-04-03 07:14:59', '2024-04-03 07:14:59'),
(122, 'uploads/apparts/017121357180.png', NULL, 96, '2024-04-03 07:15:18', '2024-04-03 07:15:18'),
(123, 'uploads/apparts/017121357450.png', NULL, 97, '2024-04-03 07:15:45', '2024-04-03 07:15:45'),
(124, 'uploads/apparts/017121357980.png', NULL, 66, '2024-04-03 07:16:38', '2024-04-03 07:16:38'),
(125, 'uploads/apparts/017121358380.png', NULL, 64, '2024-04-03 07:17:18', '2024-04-03 07:17:18'),
(126, 'uploads/apparts/017121358520.png', NULL, 111, '2024-04-03 07:17:32', '2024-04-03 07:17:32'),
(127, 'uploads/apparts/017121358870.png', NULL, 67, '2024-04-03 07:18:07', '2024-04-03 07:18:07'),
(128, 'uploads/apparts/017121359070.png', NULL, 55, '2024-04-03 07:18:27', '2024-04-03 07:18:27'),
(129, 'uploads/apparts/017121359320.png', NULL, 98, '2024-04-03 07:18:52', '2024-04-03 07:18:52'),
(130, 'uploads/apparts/017121359560.png', NULL, 99, '2024-04-03 07:19:16', '2024-04-03 07:19:16'),
(131, 'uploads/apparts/017121359750.png', NULL, 100, '2024-04-03 07:19:35', '2024-04-03 07:19:35'),
(132, 'uploads/apparts/017121359940.png', NULL, 68, '2024-04-03 07:19:54', '2024-04-03 07:19:54'),
(133, 'uploads/apparts/017121360210.png', NULL, 69, '2024-04-03 07:20:21', '2024-04-03 07:20:21'),
(135, 'uploads/apparts/017121368680.png', NULL, 102, '2024-04-03 07:34:28', '2024-04-03 07:34:28'),
(136, 'uploads/apparts/017121368910.png', NULL, 71, '2024-04-03 07:34:51', '2024-04-03 07:34:51'),
(137, 'uploads/apparts/017121369260.png', NULL, 72, '2024-04-03 07:35:26', '2024-04-03 07:35:26'),
(138, 'uploads/apparts/017121370630.png', NULL, 73, '2024-04-03 07:37:43', '2024-04-03 07:37:43'),
(139, 'uploads/apparts/017121371040.png', NULL, 103, '2024-04-03 07:38:24', '2024-04-03 07:38:24'),
(140, 'uploads/apparts/017121371240.png', NULL, 127, '2024-04-03 07:38:45', '2024-04-03 07:38:45'),
(141, 'uploads/apparts/017121371510.png', NULL, 105, '2024-04-03 07:39:11', '2024-04-03 07:39:11'),
(142, 'uploads/apparts/017121371700.png', NULL, 74, '2024-04-03 07:39:30', '2024-04-03 07:39:30'),
(143, 'uploads/apparts/017121371870.png', NULL, 104, '2024-04-03 07:39:47', '2024-04-03 07:39:47'),
(144, 'uploads/apparts/017121372050.png', NULL, 109, '2024-04-03 07:40:05', '2024-04-03 07:40:05'),
(145, 'uploads/apparts/017121372230.png', NULL, 75, '2024-04-03 07:40:23', '2024-04-03 07:40:23'),
(146, 'uploads/apparts/017121372400.png', NULL, 112, '2024-04-03 07:40:40', '2024-04-03 07:40:40'),
(147, 'uploads/apparts/017121372690.png', NULL, 76, '2024-04-03 07:41:09', '2024-04-03 07:41:09'),
(148, 'uploads/apparts/017121372900.png', NULL, 77, '2024-04-03 07:41:30', '2024-04-03 07:41:30'),
(149, 'uploads/apparts/017121373100.png', NULL, 78, '2024-04-03 07:41:50', '2024-04-03 07:41:50'),
(150, 'uploads/apparts/017121373390.png', NULL, 63, '2024-04-03 07:42:19', '2024-04-03 07:42:19'),
(151, 'uploads/apparts/017121373580.png', NULL, 79, '2024-04-03 07:42:38', '2024-04-03 07:42:38'),
(152, 'uploads/apparts/017121373770.png', NULL, 80, '2024-04-03 07:42:57', '2024-04-03 07:42:57'),
(153, 'uploads/apparts/017121373940.png', NULL, 81, '2024-04-03 07:43:14', '2024-04-03 07:43:14'),
(154, 'uploads/apparts/017121374110.png', NULL, 82, '2024-04-03 07:43:31', '2024-04-03 07:43:31'),
(155, 'uploads/apparts/017121374370.png', NULL, 83, '2024-04-03 07:43:57', '2024-04-03 07:43:57'),
(156, 'uploads/apparts/017121374610.png', NULL, 110, '2024-04-03 07:44:21', '2024-04-03 07:44:21'),
(157, 'uploads/apparts/017121374790.png', NULL, 84, '2024-04-03 07:44:39', '2024-04-03 07:44:39'),
(158, 'uploads/apparts/017121375660.png', NULL, 86, '2024-04-03 07:46:06', '2024-04-03 07:46:06'),
(159, 'uploads/apparts/017121375850.png', NULL, 106, '2024-04-03 07:46:25', '2024-04-03 07:46:25'),
(160, 'uploads/apparts/017121376020.png', NULL, 87, '2024-04-03 07:46:42', '2024-04-03 07:46:42'),
(161, 'uploads/apparts/017121376380.png', NULL, 107, '2024-04-03 07:47:18', '2024-04-03 07:47:18'),
(162, 'uploads/apparts/017121376670.png', NULL, 88, '2024-04-03 07:47:47', '2024-04-03 07:47:47'),
(163, 'uploads/apparts/017121376920.png', NULL, 108, '2024-04-03 07:48:12', '2024-04-03 07:48:12'),
(164, 'uploads/apparts/017121382210.png', NULL, 70, '2024-04-03 07:57:01', '2024-04-03 07:57:01'),
(165, 'uploads/apparts/017138818600.png', NULL, 101, '2024-04-23 12:17:40', '2024-04-23 12:17:40'),
(166, 'uploads/apparts/017144074460.png', NULL, 175, '2024-04-29 14:17:26', '2024-04-29 14:17:26'),
(167, 'uploads/apparts/017144074590.png', NULL, 174, '2024-04-29 14:17:39', '2024-04-29 14:17:39'),
(168, 'uploads/apparts/017144074890.png', NULL, 177, '2024-04-29 14:18:09', '2024-04-29 14:18:09'),
(170, 'uploads/apparts/017144075340.png', NULL, 178, '2024-04-29 14:18:54', '2024-04-29 14:18:54'),
(171, 'uploads/apparts/017144075490.png', NULL, 179, '2024-04-29 14:19:09', '2024-04-29 14:19:09'),
(172, 'uploads/apparts/017144075620.png', NULL, 180, '2024-04-29 14:19:22', '2024-04-29 14:19:22'),
(173, 'uploads/apparts/017144075780.png', NULL, 181, '2024-04-29 14:19:38', '2024-04-29 14:19:38'),
(174, 'uploads/apparts/017144075910.png', NULL, 182, '2024-04-29 14:19:51', '2024-04-29 14:19:51'),
(175, 'uploads/apparts/017144076060.png', NULL, 183, '2024-04-29 14:20:06', '2024-04-29 14:20:06'),
(176, 'uploads/apparts/017144081030.png', NULL, 186, '2024-04-29 14:28:23', '2024-04-29 14:28:23'),
(177, 'uploads/apparts/017144082230.png', NULL, 187, '2024-04-29 14:30:23', '2024-04-29 14:30:23'),
(178, 'uploads/apparts/017144082740.png', NULL, 188, '2024-04-29 14:31:14', '2024-04-29 14:31:14'),
(179, 'uploads/apparts/017144084960.png', NULL, 189, '2024-04-29 14:34:56', '2024-04-29 14:34:56'),
(180, 'uploads/apparts/017144085520.png', NULL, 190, '2024-04-29 14:35:52', '2024-04-29 14:35:52'),
(181, 'uploads/apparts/017144085880.png', NULL, 191, '2024-04-29 14:36:28', '2024-04-29 14:36:28'),
(183, 'uploads/apparts/017144088280.png', NULL, 193, '2024-04-29 14:40:28', '2024-04-29 14:40:28'),
(184, 'uploads/apparts/017144088830.png', NULL, 194, '2024-04-29 14:41:23', '2024-04-29 14:41:23'),
(185, 'uploads/apparts/017146380470.png', NULL, 195, '2024-05-02 06:20:47', '2024-05-02 06:20:47'),
(186, 'uploads/apparts/017146380710.png', NULL, 196, '2024-05-02 06:21:11', '2024-05-02 06:21:11'),
(187, 'uploads/apparts/017146381990.png', NULL, 198, '2024-05-02 06:23:19', '2024-05-02 06:23:19'),
(188, 'uploads/apparts/017146382320.png', NULL, 199, '2024-05-02 06:23:52', '2024-05-02 06:23:52'),
(189, 'uploads/apparts/017146383050.png', NULL, 201, '2024-05-02 06:25:05', '2024-05-02 06:25:05'),
(190, 'uploads/apparts/017146383220.png', NULL, 200, '2024-05-02 06:25:22', '2024-05-02 06:25:22'),
(191, 'uploads/apparts/017146384200.png', NULL, 167, '2024-05-02 06:27:00', '2024-05-02 06:27:00'),
(193, 'uploads/apparts/017146385380.png', NULL, 168, '2024-05-02 06:28:58', '2024-05-02 06:28:58'),
(194, 'uploads/apparts/017146385770.png', NULL, 169, '2024-05-02 06:29:37', '2024-05-02 06:29:37'),
(195, 'uploads/apparts/017146386070.png', NULL, 170, '2024-05-02 06:30:07', '2024-05-02 06:30:07'),
(196, 'uploads/apparts/017146386500.png', NULL, 171, '2024-05-02 06:30:50', '2024-05-02 06:30:50'),
(197, 'uploads/apparts/017146386720.png', NULL, 172, '2024-05-02 06:31:12', '2024-05-02 06:31:12'),
(198, 'uploads/apparts/017146387240.png', NULL, 192, '2024-05-02 06:32:04', '2024-05-02 06:32:04');

-- --------------------------------------------------------

--
-- Table structure for table `crm_parkings`
--

CREATE TABLE `crm_parkings` (
  `id` bigint(20) UNSIGNED NOT NULL,
  `name` varchar(255) CHARACTER SET utf8mb4 COLLATE utf8mb4_unicode_ci DEFAULT NULL,
  `number` varchar(255) CHARACTER SET utf8mb4 COLLATE utf8mb4_unicode_ci DEFAULT NULL,
  `x` varchar(255) DEFAULT NULL,
  `y` varchar(255) DEFAULT NULL,
  `client_id` bigint(20) UNSIGNED DEFAULT NULL,
  `residence_id` bigint(20) UNSIGNED DEFAULT NULL,
  `etage_id` bigint(20) NOT NULL,
  `appart_id` bigint(20) NOT NULL,
  `created_at` timestamp NULL DEFAULT NULL,
  `updated_at` timestamp NULL DEFAULT NULL
) ENGINE=InnoDB DEFAULT CHARSET=latin1;

--
-- Dumping data for table `crm_parkings`
--

INSERT INTO `crm_parkings` (`id`, `name`, `number`, `x`, `y`, `client_id`, `residence_id`, `etage_id`, `appart_id`, `created_at`, `updated_at`) VALUES
(6, '19', '-1', NULL, NULL, 31, 2, 0, 0, NULL, NULL),
(7, '39', '-1', NULL, NULL, 32, 2, 0, 0, NULL, NULL),
(9, '15', '-1', NULL, NULL, 41, 2, 0, 0, NULL, NULL),
(13, '16', '-1', NULL, NULL, 35, 2, 0, 0, NULL, NULL),
(17, '18', '-1', NULL, NULL, 36, 2, 0, 0, NULL, NULL),
(21, '32', '-1', NULL, NULL, 18, 2, 0, 0, NULL, NULL),
(26, '22', '-1', NULL, NULL, 39, 2, 0, 0, NULL, NULL),
(29, '47', '', NULL, NULL, 38, 2, 0, 0, NULL, NULL),
(30, '20', '-1', NULL, NULL, 26, 2, 0, 0, NULL, NULL),
(35, '10', 'SS', NULL, NULL, 46, 3, 0, 0, NULL, '2024-01-05 13:32:20'),
(38, '21', 'SS', NULL, NULL, 55, 3, 0, 0, NULL, '2024-01-05 13:32:14'),
(43, '10', '-1', NULL, NULL, 5, 2, 0, 0, NULL, NULL),
(51, '25', '-1', NULL, NULL, 86, 2, 0, 0, NULL, NULL),
(55, '8', '-1', NULL, NULL, 7, 7, 0, 0, NULL, NULL),
(57, '3', '-1', NULL, NULL, 95, 7, 0, 0, NULL, NULL),
(91, '24', '-1', NULL, NULL, 113, 7, 0, 0, NULL, NULL),
(94, '28', '-1', NULL, NULL, 26, 2, 0, 0, '2024-01-01 21:00:19', '2024-01-01 21:00:19'),
(95, '11', 'SS', NULL, NULL, 48, 3, 0, 0, '2024-01-05 13:29:27', '2024-01-05 13:32:08'),
(96, '8', 'SS', NULL, NULL, 49, 3, 0, 0, '2024-01-05 13:30:30', '2024-01-05 13:31:58'),
(98, '6', 'SS', NULL, NULL, 50, 3, 0, 0, '2024-01-05 13:31:48', '2024-01-05 13:31:48'),
(100, '7', 'SS', NULL, NULL, 51, 3, 0, 0, '2024-01-05 13:33:35', '2024-01-05 13:33:35'),
(101, '12 - 15', 'SS', NULL, NULL, 52, 3, 0, 0, '2024-01-05 13:34:14', '2024-01-05 13:34:14'),
(102, '9', 'SS', NULL, NULL, 53, 3, 0, 0, '2024-01-05 13:34:49', '2024-01-05 13:34:49'),
(103, '21', 'SS', NULL, NULL, 55, 3, 0, 0, '2024-01-05 13:36:51', '2024-01-05 13:37:44'),
(104, '13', 'SS', NULL, NULL, 96, 3, 0, 0, '2024-01-05 13:40:28', '2024-01-05 13:40:28'),
(105, '2', 'SS', NULL, NULL, 54, 3, 0, 0, '2024-01-05 13:41:29', '2024-01-05 13:41:29'),
(106, '20', 'SS', NULL, NULL, 57, 3, 0, 0, '2024-01-05 13:42:01', '2024-01-05 13:42:01'),
(107, '14', 'SS', NULL, NULL, 58, 3, 0, 0, '2024-01-05 13:42:21', '2024-01-05 13:42:35'),
(108, '16 - 17', 'SS', NULL, NULL, 59, 3, 0, 0, '2024-01-05 13:43:51', '2024-01-05 13:43:51'),
(109, '5', 'SS', NULL, NULL, 59, 3, 0, 0, '2024-01-05 13:44:22', '2024-01-05 13:44:22');

-- --------------------------------------------------------

--
-- Table structure for table `crm_reglements`
--

CREATE TABLE `crm_reglements` (
  `id` bigint(20) UNSIGNED NOT NULL,
  `amount` double(8,3) DEFAULT NULL,
  `date` date NOT NULL,
  `abonnements_id` bigint(20) UNSIGNED NOT NULL,
  `created_at` timestamp NULL DEFAULT NULL,
  `updated_at` timestamp NULL DEFAULT NULL
) ENGINE=InnoDB DEFAULT CHARSET=utf8mb4 COLLATE=utf8mb4_unicode_ci;

--
-- Dumping data for table `crm_reglements`
--

INSERT INTO `crm_reglements` (`id`, `amount`, `date`, `abonnements_id`, `created_at`, `updated_at`) VALUES
(3, 456.000, '2024-04-21', 2, '2024-04-21 19:43:03', '2024-04-21 19:43:03'),
(4, 450.000, '2024-04-21', 2, '2024-04-21 19:44:53', '2024-04-21 19:44:53'),
(5, 600.000, '2024-04-05', 3, '2024-04-22 00:10:10', '2024-04-22 00:10:10'),
(6, 600.000, '2024-04-04', 3, '2024-04-22 00:10:29', '2024-04-22 00:10:29'),
(7, 500.000, '2024-04-11', 4, '2024-04-22 00:10:46', '2024-04-22 00:10:46'),
(8, 600.000, '2024-04-23', 5, '2024-04-23 11:33:34', '2024-04-23 11:33:34'),
(9, 700.000, '2024-04-23', 4, '2024-04-23 11:35:44', '2024-04-23 11:35:44'),
(10, 620.000, '2024-04-25', 6, '2024-04-23 19:34:20', '2024-04-23 19:34:20');

-- --------------------------------------------------------

--
-- Table structure for table `crm_residences`
--

CREATE TABLE `crm_residences` (
  `id` bigint(20) UNSIGNED NOT NULL,
  `name` varchar(255) CHARACTER SET utf8mb4 COLLATE utf8mb4_unicode_ci NOT NULL,
  `address` varchar(255) CHARACTER SET utf8mb4 COLLATE utf8mb4_unicode_ci DEFAULT NULL,
  `nfoncier` varchar(255) CHARACTER SET utf8mb4 COLLATE utf8mb4_unicode_ci DEFAULT NULL,
  `emplacemnt` varchar(255) CHARACTER SET utf8mb4 COLLATE utf8mb4_unicode_ci DEFAULT NULL,
  `npermis` varchar(255) CHARACTER SET utf8mb4 COLLATE utf8mb4_unicode_ci DEFAULT NULL,
  `detailMunicipal` varchar(255) CHARACTER SET utf8mb4 COLLATE utf8mb4_unicode_ci DEFAULT NULL,
  `detail` varchar(255) CHARACTER SET utf8mb4 COLLATE utf8mb4_unicode_ci DEFAULT NULL,
  `created_at` timestamp NULL DEFAULT NULL,
  `updated_at` timestamp NULL DEFAULT NULL
) ENGINE=InnoDB DEFAULT CHARSET=latin1;

--
-- Dumping data for table `crm_residences`
--

INSERT INTO `crm_residences` (`id`, `name`, `address`, `nfoncier`, `emplacemnt`, `npermis`, `detailMunicipal`, `detail`, `created_at`, `updated_at`) VALUES
(2, 'Tej el Bahar 2', 'Cité al wafa, Mrezga', '666278 Nabeul', NULL, '17513délivré le 09/11/2018', 'Nabeul', NULL, NULL, '2024-01-29 09:40:19'),
(3, 'Khadija', 'Jardins de Carthage', '61087 Tunis\n', NULL, '53/2016 délivré le 22/04/2016', 'Kram', NULL, NULL, NULL),
(7, 'Al-Wissal', 'Ain Zaghouan Nord', '212275 Tunis', NULL, '26/2022 délivré le 16/03/2020 et 202/2022 délivré le 30/01/203\n', 'Kram', NULL, NULL, NULL),
(8, 'Alicante', 'Boumhal Al Bassetine', '65226 Ben Arous', NULL, '1661 délivré le 30/08/2021 et 202 délivré le 20/01/2023', 'Boumhal Al Bassetine', NULL, '2024-01-19 07:45:40', '2024-01-19 08:09:49'),
(9, 'Aicha', 'Ennaser Ariana', '95733 Ariana', NULL, '22/2022 délivré le 08/03/2023', 'Ariana', NULL, '2024-04-28 19:56:34', '2024-04-28 19:56:34');

-- --------------------------------------------------------

--
-- Table structure for table `crm_settings`
--

CREATE TABLE `crm_settings` (
  `id` bigint(20) UNSIGNED NOT NULL,
  `amount` double(8,3) NOT NULL,
  `created_at` timestamp NULL DEFAULT NULL,
  `updated_at` timestamp NULL DEFAULT NULL
) ENGINE=InnoDB DEFAULT CHARSET=utf8mb4 COLLATE=utf8mb4_unicode_ci;

--
-- Dumping data for table `crm_settings`
--

INSERT INTO `crm_settings` (`id`, `amount`, `created_at`, `updated_at`) VALUES
(1, 1200.000, NULL, '2024-04-21 19:29:41');

-- --------------------------------------------------------

--
-- Table structure for table `crm_users`
--

CREATE TABLE `crm_users` (
  `id` bigint(20) UNSIGNED NOT NULL,
  `name` varchar(255) CHARACTER SET utf8mb4 COLLATE utf8mb4_unicode_ci NOT NULL,
  `lastName` varchar(255) DEFAULT NULL,
  `email` varchar(255) CHARACTER SET utf8mb4 COLLATE utf8mb4_unicode_ci NOT NULL,
  `email_verified_at` timestamp NULL DEFAULT NULL,
  `password` varchar(255) CHARACTER SET utf8mb4 COLLATE utf8mb4_unicode_ci NOT NULL,
  `role` int(11) NOT NULL DEFAULT '1',
  `image` varchar(255) DEFAULT NULL,
  `app` int(11) NOT NULL DEFAULT '0',
  `remember_token` varchar(100) CHARACTER SET utf8mb4 COLLATE utf8mb4_unicode_ci DEFAULT NULL,
  `created_at` timestamp NULL DEFAULT NULL,
  `updated_at` timestamp NULL DEFAULT NULL
) ENGINE=InnoDB DEFAULT CHARSET=latin1;

--
-- Dumping data for table `crm_users`
--

INSERT INTO `crm_users` (`id`, `name`, `lastName`, `email`, `email_verified_at`, `password`, `role`, `image`, `app`, `remember_token`, `created_at`, `updated_at`) VALUES
(1, 'moonir', NULL, 'mounir.benhouria@mrtech.tn', NULL, '$2y$10$1ZDSZAk56FGUczKRCzcKIOVeTqJSCvuVSZbtNpUZcVzc53nVsLc8a', 1, NULL, 2, NULL, NULL, NULL),
(2, 'Achref', NULL, 'achref@valencia-city.org', NULL, '$2y$10$1ZDSZAk56FGUczKRCzcKIOVeTqJSCvuVSZbtNpUZcVzc53nVsLc8a', 1, NULL, 2, NULL, NULL, NULL),
(3, 'visiteur', NULL, 'visiteur@valencia-city.org', NULL, '$2y$10$1ZDSZAk56FGUczKRCzcKIOVeTqJSCvuVSZbtNpUZcVzc53nVsLc8a', 0, NULL, 2, NULL, NULL, NULL);

--
-- Indexes for dumped tables
--

--
-- Indexes for table `crm_abonnements`
--
ALTER TABLE `crm_abonnements`
  ADD PRIMARY KEY (`id`),
  ADD KEY `crm_abonnements_appart_id_foreign` (`appart_id`);

--
-- Indexes for table `crm_apparts`
--
ALTER TABLE `crm_apparts`
  ADD PRIMARY KEY (`id`),
  ADD KEY `crm_apparts_etage_id_foreign` (`etage_id`);

--
-- Indexes for table `crm_celliers`
--
ALTER TABLE `crm_celliers`
  ADD PRIMARY KEY (`id`),
  ADD KEY `crm_celliers_residence_id_foreign` (`residence_id`);

--
-- Indexes for table `crm_charges`
--
ALTER TABLE `crm_charges`
  ADD PRIMARY KEY (`id`),
  ADD KEY `crm_charges_appart_id_foreign` (`appart_id`);

--
-- Indexes for table `crm_clients`
--
ALTER TABLE `crm_clients`
  ADD PRIMARY KEY (`id`);

--
-- Indexes for table `crm_depenses`
--
ALTER TABLE `crm_depenses`
  ADD PRIMARY KEY (`id`),
  ADD KEY `crm_depenses_residence_id_foreign` (`residence_id`);

--
-- Indexes for table `crm_echances`
--
ALTER TABLE `crm_echances`
  ADD PRIMARY KEY (`id`),
  ADD KEY `crm_echances_appart_id_foreign` (`appart_id`);

--
-- Indexes for table `crm_echeances`
--
ALTER TABLE `crm_echeances`
  ADD PRIMARY KEY (`id`);

--
-- Indexes for table `crm_etages`
--
ALTER TABLE `crm_etages`
  ADD PRIMARY KEY (`id`);

--
-- Indexes for table `crm_fichiers`
--
ALTER TABLE `crm_fichiers`
  ADD PRIMARY KEY (`id`),
  ADD KEY `crm_fichier_abonnement_id_foreign` (`abonnements_id`);

--
-- Indexes for table `crm_files`
--
ALTER TABLE `crm_files`
  ADD PRIMARY KEY (`id`);

--
-- Indexes for table `crm_garages`
--
ALTER TABLE `crm_garages`
  ADD PRIMARY KEY (`id`),
  ADD KEY `crm_celliers_residence_id_foreign` (`residence_id`);

--
-- Indexes for table `crm_images`
--
ALTER TABLE `crm_images`
  ADD PRIMARY KEY (`id`);

--
-- Indexes for table `crm_parkings`
--
ALTER TABLE `crm_parkings`
  ADD PRIMARY KEY (`id`),
  ADD KEY `crm_parkings_residence_id_foreign` (`residence_id`);

--
-- Indexes for table `crm_reglements`
--
ALTER TABLE `crm_reglements`
  ADD PRIMARY KEY (`id`),
  ADD KEY `crm_reglements_abonnement_id_foreign` (`abonnements_id`);

--
-- Indexes for table `crm_residences`
--
ALTER TABLE `crm_residences`
  ADD PRIMARY KEY (`id`);

--
-- Indexes for table `crm_settings`
--
ALTER TABLE `crm_settings`
  ADD PRIMARY KEY (`id`);

--
-- Indexes for table `crm_users`
--
ALTER TABLE `crm_users`
  ADD PRIMARY KEY (`id`),
  ADD UNIQUE KEY `uniqueEmail` (`email`);

--
-- AUTO_INCREMENT for dumped tables
--

--
-- AUTO_INCREMENT for table `crm_abonnements`
--
ALTER TABLE `crm_abonnements`
  MODIFY `id` bigint(20) UNSIGNED NOT NULL AUTO_INCREMENT, AUTO_INCREMENT=7;

--
-- AUTO_INCREMENT for table `crm_apparts`
--
ALTER TABLE `crm_apparts`
  MODIFY `id` bigint(20) UNSIGNED NOT NULL AUTO_INCREMENT, AUTO_INCREMENT=204;

--
-- AUTO_INCREMENT for table `crm_celliers`
--
ALTER TABLE `crm_celliers`
  MODIFY `id` bigint(20) UNSIGNED NOT NULL AUTO_INCREMENT, AUTO_INCREMENT=29;

--
-- AUTO_INCREMENT for table `crm_charges`
--
ALTER TABLE `crm_charges`
  MODIFY `id` bigint(20) UNSIGNED NOT NULL AUTO_INCREMENT, AUTO_INCREMENT=128;

--
-- AUTO_INCREMENT for table `crm_clients`
--
ALTER TABLE `crm_clients`
  MODIFY `id` bigint(20) UNSIGNED NOT NULL AUTO_INCREMENT, AUTO_INCREMENT=160;

--
-- AUTO_INCREMENT for table `crm_depenses`
--
ALTER TABLE `crm_depenses`
  MODIFY `id` bigint(20) UNSIGNED NOT NULL AUTO_INCREMENT, AUTO_INCREMENT=10;

--
-- AUTO_INCREMENT for table `crm_echances`
--
ALTER TABLE `crm_echances`
  MODIFY `id` bigint(20) UNSIGNED NOT NULL AUTO_INCREMENT, AUTO_INCREMENT=178;

--
-- AUTO_INCREMENT for table `crm_echeances`
--
ALTER TABLE `crm_echeances`
  MODIFY `id` bigint(20) UNSIGNED NOT NULL AUTO_INCREMENT, AUTO_INCREMENT=398;

--
-- AUTO_INCREMENT for table `crm_etages`
--
ALTER TABLE `crm_etages`
  MODIFY `id` bigint(20) UNSIGNED NOT NULL AUTO_INCREMENT, AUTO_INCREMENT=38;

--
-- AUTO_INCREMENT for table `crm_fichiers`
--
ALTER TABLE `crm_fichiers`
  MODIFY `id` bigint(20) UNSIGNED NOT NULL AUTO_INCREMENT, AUTO_INCREMENT=2;

--
-- AUTO_INCREMENT for table `crm_files`
--
ALTER TABLE `crm_files`
  MODIFY `id` bigint(20) UNSIGNED NOT NULL AUTO_INCREMENT, AUTO_INCREMENT=13;

--
-- AUTO_INCREMENT for table `crm_garages`
--
ALTER TABLE `crm_garages`
  MODIFY `id` bigint(20) UNSIGNED NOT NULL AUTO_INCREMENT, AUTO_INCREMENT=4;

--
-- AUTO_INCREMENT for table `crm_images`
--
ALTER TABLE `crm_images`
  MODIFY `id` bigint(20) UNSIGNED NOT NULL AUTO_INCREMENT, AUTO_INCREMENT=199;

--
-- AUTO_INCREMENT for table `crm_parkings`
--
ALTER TABLE `crm_parkings`
  MODIFY `id` bigint(20) UNSIGNED NOT NULL AUTO_INCREMENT, AUTO_INCREMENT=110;

--
-- AUTO_INCREMENT for table `crm_reglements`
--
ALTER TABLE `crm_reglements`
  MODIFY `id` bigint(20) UNSIGNED NOT NULL AUTO_INCREMENT, AUTO_INCREMENT=11;

--
-- AUTO_INCREMENT for table `crm_residences`
--
ALTER TABLE `crm_residences`
  MODIFY `id` bigint(20) UNSIGNED NOT NULL AUTO_INCREMENT, AUTO_INCREMENT=10;

--
-- AUTO_INCREMENT for table `crm_settings`
--
ALTER TABLE `crm_settings`
  MODIFY `id` bigint(20) UNSIGNED NOT NULL AUTO_INCREMENT, AUTO_INCREMENT=2;

--
-- AUTO_INCREMENT for table `crm_users`
--
ALTER TABLE `crm_users`
  MODIFY `id` bigint(20) UNSIGNED NOT NULL AUTO_INCREMENT, AUTO_INCREMENT=7;

--
-- Constraints for dumped tables
--

--
-- Constraints for table `crm_abonnements`
--
ALTER TABLE `crm_abonnements`
  ADD CONSTRAINT `crm_abonnements_appart_id_foreign` FOREIGN KEY (`appart_id`) REFERENCES `crm_apparts` (`id`);

--
-- Constraints for table `crm_apparts`
--
ALTER TABLE `crm_apparts`
  ADD CONSTRAINT `crm_apparts_etage_id_foreign` FOREIGN KEY (`etage_id`) REFERENCES `crm_etages` (`id`);

--
-- Constraints for table `crm_celliers`
--
ALTER TABLE `crm_celliers`
  ADD CONSTRAINT `crm_celliers_residence_id_foreign` FOREIGN KEY (`residence_id`) REFERENCES `crm_residences` (`id`);

--
-- Constraints for table `crm_charges`
--
ALTER TABLE `crm_charges`
  ADD CONSTRAINT `crm_charges_appart_id_foreign` FOREIGN KEY (`appart_id`) REFERENCES `crm_apparts` (`id`) ON DELETE CASCADE;

--
-- Constraints for table `crm_depenses`
--
ALTER TABLE `crm_depenses`
  ADD CONSTRAINT `crm_depenses_residence_id_foreign` FOREIGN KEY (`residence_id`) REFERENCES `crm_residences` (`id`);

--
-- Constraints for table `crm_echances`
--
ALTER TABLE `crm_echances`
  ADD CONSTRAINT `crm_echances_appart_id_foreign` FOREIGN KEY (`appart_id`) REFERENCES `crm_apparts` (`id`) ON DELETE CASCADE;

--
-- Constraints for table `crm_fichiers`
--
ALTER TABLE `crm_fichiers`
  ADD CONSTRAINT `crm_fichier_abonnement_id_foreign` FOREIGN KEY (`abonnements_id`) REFERENCES `crm_abonnements` (`id`) ON DELETE CASCADE ON UPDATE CASCADE;

--
-- Constraints for table `crm_garages`
--
ALTER TABLE `crm_garages`
  ADD CONSTRAINT `crm_garages_residence_id_foreign` FOREIGN KEY (`residence_id`) REFERENCES `crm_residences` (`id`);

--
-- Constraints for table `crm_parkings`
--
ALTER TABLE `crm_parkings`
  ADD CONSTRAINT `crm_parkings_residence_id_foreign` FOREIGN KEY (`residence_id`) REFERENCES `crm_residences` (`id`);

--
-- Constraints for table `crm_reglements`
--
ALTER TABLE `crm_reglements`
  ADD CONSTRAINT `crm_reglements_abonnement_id_foreign` FOREIGN KEY (`abonnements_id`) REFERENCES `crm_abonnements` (`id`);
COMMIT;

/*!40101 SET CHARACTER_SET_CLIENT=@OLD_CHARACTER_SET_CLIENT */;
/*!40101 SET CHARACTER_SET_RESULTS=@OLD_CHARACTER_SET_RESULTS */;
/*!40101 SET COLLATION_CONNECTION=@OLD_COLLATION_CONNECTION */;
